CSIG17-腾讯云安全产品专项测试工程师(腾讯云全资子公司）(武汉）,CSIG,武汉,中国,技术,"负责腾讯安全相关产品的性能稳定性测试，以及性能质量体系化提升相关工作； 分析系统相关架构，设计度量指标，编写数据采集等工具，构建分析与监控能力； 针对安全产品的性能、稳定性、可靠性开展专项测试与调优，保障和提升产品质量。
（注：此岗位为腾讯集团旗下全资子公司编制岗位）",http://careers.tencent.com/jobdesc.html?postId=0
CSIG17-腾讯云安全产品系统测试工程师(腾讯云全资子公司）(武汉）,CSIG,武汉,中国,技术,"负责腾讯云安全及ToB相关安全产品的全流程质量管控工作，参与需求分析，可测性及风险质量评估等工作；负责产品相关的测试方案，测试工具平台，自动化测试架构设计及实现工作；保证被测系统的质量，并通过测试体系建设和方法创新，提升研发的质量和效率，参与CICD建设提升研发效能
（注：此岗位为腾讯集团旗下全资子公司编制岗位）
",http://careers.tencent.com/jobdesc.html?postId=0
CSIG17-腾讯云安全产品测试工程师(腾讯云全资子公司）(武汉）,CSIG,武汉,中国,技术,"负责CSIG在云安全及ToB相关安全产品的全流程质量管控工作，参与需求分析，可测性及风险质量评估等工作 ；负责产品相关的测试方案，测试工具平台，自动化测试架构设计及实现工作，保证被测系统的质量，并通过测试体系建设和方法创新，提升研发的整体质量和效率。
（注：此岗位为腾讯集团旗下全资子公司编制岗位）",http://careers.tencent.com/jobdesc.html?postId=0
41072-腾讯云通信RTC技术专家（深圳/上海/北京）,CSIG,深圳,中国,技术,"负责实时音视频通话、直播、视频会议等场景的流媒体网络传输设计、开发及调优，包括但不限于：
 1.负责WebRTC后台实现与调优，侧重与各实时音视频协议栈融合互通； 
2.负责受限网络下多路流媒体的分布式中转算法设计和实现；
 3.负责流媒体传输中音视频QOE/QOS的实现与调优； ",http://careers.tencent.com/jobdesc.html?postId=1172036826802688000
41072-腾讯云音视频产品架构师（北京/深圳/上海）,CSIG,北京,中国,产品,"1、依据腾讯云音视频产品的形态和特点，支持销售团队进行售前工作，贴近各行业用户，对行业重点用户进行渗透，完成用户转化； 
2、依据腾讯云音视频产品支撑服务能力，完成相关的售中/后等相关业务工作, 推进产品方案的落地，保障高标准的技术服务水平； 
3、梳理整合重点客户实际应用场景诉求，推进腾讯云音视频产品能力进化。",http://careers.tencent.com/jobdesc.html?postId=1279105660633489408
41070-腾讯云SaaS解决方案产品经理（广州/深圳）,CSIG,广州,中国,产品,"""1.负责整合内外部SaaS产品及服务，与内外部方案团队/咨询机构合作，从客户需求及痛点视角切入，打造场景化企业服务解决方案。
2. 结合paas平台能力，完成方案的数据和账号集成，面向客户提供体验一致的方案产品。
3.针对通用及行业解决方案，寻找有效的解决方案拓展路径，对SaaS解决方案进行有效推广，完成最终客户合作落地。
4.对相关合作团队进行赋能，提升SaaS解决方案的认知度，并提供分场景的解决方案知识库及相关的布道工作。""


",http://careers.tencent.com/jobdesc.html?postId=0
TB-高级投资分析师/投资经理,CDG,北京,中国,战略与投资,"Leading industry research and building deep domain knowledge;
Leading the whole investment process, including target evaluation, due diligence, negotiations, structuring deal terms and execution for sizable deals;
Building a broad network, sourcing and driving deals;
Driving team-based sharing.",http://careers.tencent.com/jobdesc.html?postId=1123177023670325248
PCG04-Senior iOS Software Engineer,PCG,深圳,中国,技术,"- Design and implement user-facing features in Tencent's large, complex mobile applications.
- Optimize mobile applications on the iOS platform.
- Develop prototypes quickly.",http://careers.tencent.com/jobdesc.html?postId=1331793165308403712
TEG12-腾讯智维产品经理,TEG,深圳,中国,产品,"负责客户需求的挖掘、分析和引导,撰写需求分析说明书； 
依据客户需求提供合理的解决方案并完成方案规划、设计、编写； 
针对行业需求进行产品规划、需求分析及设计，并与研发团队对接，持续跟踪后续产品研发工作；
行业趋势分析，竞争对手的信息采集与分析，实时了解行业发展动态；",http://careers.tencent.com/jobdesc.html?postId=0
TEG12-电力监控产品经理,TEG,深圳,中国,产品,"负责数据中心电力监控产品的需求收集，产品规划，产品设计，研发跟进和产品交付及运营的整个过程；
及时掌握产业趋势与动态，制定产品策略，规划和设计数据中心电力监控产品，以满足不断变化的数据中心配电架构和运维管理场景需求，保证产品在市场中的竞争力；
负责数据中心电力监控组态工具的规划、设计和运营，负责配电系统设备告警，可视化视图服务的规划和设计；
负责数据中心配电系统的数字化建模，负责配电系统关联的中台业务规划和设计，和大数据工程师协作完成数据处理，数据建模，实现配电设备故障检测，根因分析，容量管理和预测调优；
监控产品运行效果，收集用户反馈，分析用户行为统计数据，挖掘并发现用户需求，持续优化产品，提升产品的用户满意度；
积极与研发、运营、售前等团队协作，收集、整理业务需求，纳入到产品规划中并驱动落地执行；同时参与售前、用户访谈、产品推广等工作，收集平台内外部使用者意见；",http://careers.tencent.com/jobdesc.html?postId=0
TEG12-数据分析产品经理,TEG,深圳,中国,产品,"负责腾讯数据中心自动化运营解决方案数据中台产品的总体规划，设计，落地及商业化方案。产品覆盖数据中心运营管理的各个方面，能够支撑内部业务的高速发展，也能服务于外部客户；
负责构建标准的数据采集，规整，治理体系的数据湖；
充分理解业务，收集和挖掘业务需求，提供商业智能分析BI平台的规划设计及落地，完成数据到能力的转化，解决数据中心运营管理的痛点问题；",http://careers.tencent.com/jobdesc.html?postId=0
TEG12-平台运营经理（深圳）,TEG,深圳,中国,技术,"负责根据部门战略，结合IDC自动化运营平台产品的建设规划，制定平台运营策略与计划。
负责推进自动化平台产品在各数据中心的落地实施。
负责统筹资源，围绕数据中心运营的质量、效率、成本量化考核体系，实施平台运营数据的度量统计与分析，发现问题、并跟进问题的解决，推动平台产品不断优化完善。
负责制定平台产品的各类现网问题的收集处理机制，并确保机制运作有效。
负责从平台运营的角度对平台各产品模块制定客观的评价标准并定期实施评价，如用户满意度调查等。",http://careers.tencent.com/jobdesc.html?postId=0
TEG12-电气专业工程师（扬州）（扬州）,TEG,扬州,中国,技术,"全面负责数据中心电气系统（高低压变配电系统、柴油发电机系统、自动化系统等）的日常运维管理和技术支持；
对一线运营及合作单位操作工程师提供电气系统相关技术支持和指导；
对数据中心电气系统的外部合作运维单位进行统筹管理，对其专业工程师的运维、施工、故障处理进行检查、指导和验证，使其符合数据中心运维要求；
建立并持续优化数据中心电气系统的运营体系文档，包括日常运维及故障处理的相关计划、操作指南和手册；
负责对数据中心电气系统进行系统化的数据挖掘，提交系统运行报告和优化建议；
负责电气系统的容量管理，制定电气系统升级、扩容、调整实施方案，并组织实施；
对数据中心电气系统存在的风险与隐患进行综合分析并组织制订并实施优化方案，做好数据中心空调系统的预防性维护管理；
配合数据中心电气系统的规划设计工作，配合制定设计需求，对设计单位提出的设计方案、图纸提出审核意见和建议；
",http://careers.tencent.com/jobdesc.html?postId=0
TEG12-电气专业工程师（扬州）（南京）,TEG,南京,中国,技术,"全面负责数据中心电气系统（高低压变配电系统、柴油发电机系统、自动化系统等）的日常运维管理和技术支持；
对一线运营及合作单位操作工程师提供电气系统相关技术支持和指导；
对数据中心电气系统的外部合作运维单位进行统筹管理，对其专业工程师的运维、施工、故障处理进行检查、指导和验证，使其符合数据中心运维要求；
建立并持续优化数据中心电气系统的运营体系文档，包括日常运维及故障处理的相关计划、操作指南和手册；
负责对数据中心电气系统进行系统化的数据挖掘，提交系统运行报告和优化建议；
负责电气系统的容量管理，制定电气系统升级、扩容、调整实施方案，并组织实施；
对数据中心电气系统存在的风险与隐患进行综合分析并组织制订并实施优化方案，做好数据中心空调系统的预防性维护管理；
配合数据中心电气系统的规划设计工作，配合制定设计需求，对设计单位提出的设计方案、图纸提出审核意见和建议；
",http://careers.tencent.com/jobdesc.html?postId=0
TEG12-空调专业工程师（南京）（扬州）,TEG,扬州,中国,技术,"全面负责数据中心空调系统（水系统、风系统、末端系统）的日常运维管理和技术支持；
对一线运营及合作单位操作工程师提供空调系统相关技术支持和指导；
对数据中心空调系统的外部合作运维单位进行统筹管理，对其专业工程师的运维、施工、故障处理进行检查、指导和验证，使其符合数据中心运维要求；
建立并持续优化数据中心空调系统的运营体系文档，包括日常运维及故障处理的相关计划、操作指南和手册；
负责对数据中心空调系统进行系统化的数据挖掘，提交系统运行报告和优化建议；
负责空调系统的容量管理，制定空调系统升级、扩容、调整实施方案，并组织实施；
对数据中心空调系统存在的风险与隐患进行综合分析并组织制订并实施优化方案，做好数据中心空调系统的预防性维护管理；
配合数据中心空调系统的规划设计工作，配合制定设计需求，对设计单位提出的设计方案、图纸提出审核意见和建议；
",http://careers.tencent.com/jobdesc.html?postId=0
TEG12-空调专业工程师（南京）（南京）,TEG,南京,中国,技术,"全面负责数据中心空调系统（水系统、风系统、末端系统）的日常运维管理和技术支持；
对一线运营及合作单位操作工程师提供空调系统相关技术支持和指导；
对数据中心空调系统的外部合作运维单位进行统筹管理，对其专业工程师的运维、施工、故障处理进行检查、指导和验证，使其符合数据中心运维要求；
建立并持续优化数据中心空调系统的运营体系文档，包括日常运维及故障处理的相关计划、操作指南和手册；
负责对数据中心空调系统进行系统化的数据挖掘，提交系统运行报告和优化建议；
负责空调系统的容量管理，制定空调系统升级、扩容、调整实施方案，并组织实施；
对数据中心空调系统存在的风险与隐患进行综合分析并组织制订并实施优化方案，做好数据中心空调系统的预防性维护管理；
配合数据中心空调系统的规划设计工作，配合制定设计需求，对设计单位提出的设计方案、图纸提出审核意见和建议；
",http://careers.tencent.com/jobdesc.html?postId=0
TEG12-运营服务管理高级工程师,TEG,深圳,中国,技术,"负责根据业务发展需要，梳理和不断完善数据中心集中化监控运营体系，保障数据中心服务台集中化工作的高效运转；
负责通过集中化的方式，不断优化运营管理各流程，结合量化管理要求推动自动化平台建设，提升IDC的整体运营水平；
负责从运营案例中不断进行提炼，发现和分析运营流程及平台的问题，形成方案，有效驱动产研部门及时对产品及平台进行优化，提升数据中心运营类产品体验；",http://careers.tencent.com/jobdesc.html?postId=0
28481-自然语言处理研究员,CSIG,深圳,中国,技术,负责医疗健康领域相关文本，报告内容理解和结构化等，包括但不限于：文本分类、实体识别、关系抽取、文本摘要、自动生成、领域知识图谱、对话系统等。 跟踪业界最新研究成果，根据实际应用效果不断改进模型或算法，以及将前沿NLP技术/成果应用于文本结构化、内容理解、生成、问答、对话及其他文本相关场景中,http://careers.tencent.com/jobdesc.html?postId=1331083039454797824
38474-FiT助理HRBP（深圳）,S3,深圳,中国,人力资源,"负责对接部门的HR日常事务性工作、运营性及例行性工作的落地与运营；
协助BP进行部门配套机制落地、人才管理、团队发展与激励、组织氛围建设等各项人力资源管理工作的推进及维护；
了解所负责部门业务与人员基础状况，快速响应需求，发现问题及时做好反馈沟通；
兼岗支持BG HR function的模块工作（e.g. OD、PD、文化等）；
其他HR项目在业务端落地。",http://careers.tencent.com/jobdesc.html?postId=0
25666-腾讯云广电/媒体/报业行业客户经理（深圳/上海/成都）（深圳）,CSIG,深圳,中国,销售、服务与支持,"专注于腾讯云在广电（局台网）/报业领域的拓展
和客户快速建立商务关系，全面拓展客户更层级关系
采用顾问销售的方式来确定和推动销售机会
维护客户高层对腾讯云品牌忠诚度，长期保持信任关系
研究和了解运营商行业，深刻理解客户业务需求和挑战
对云、IPTV、OTT、运营商、5G的业务模型有深入了解，理解客户对此的需求和痛点
有效完成季度/全年销售任务
建立和执行客户销售计划（Account Business Plan），包括短期的销售机会和长期的战略
组织和参与渠道营销活动，寻找商机，转化销售机会
拓展行业内合作伙伴，并定期进行沟通会，寻找并确认商机，转化销售机会",http://careers.tencent.com/jobdesc.html?postId=0
25666-腾讯云广电/媒体/报业行业客户经理（深圳/上海/成都）（上海）,CSIG,上海,中国,销售、服务与支持,"专注于腾讯云在广电（局台网）/报业领域的拓展
和客户快速建立商务关系，全面拓展客户更层级关系
采用顾问销售的方式来确定和推动销售机会
维护客户高层对腾讯云品牌忠诚度，长期保持信任关系
研究和了解运营商行业，深刻理解客户业务需求和挑战
对云、IPTV、OTT、运营商、5G的业务模型有深入了解，理解客户对此的需求和痛点
有效完成季度/全年销售任务
建立和执行客户销售计划（Account Business Plan），包括短期的销售机会和长期的战略
组织和参与渠道营销活动，寻找商机，转化销售机会
拓展行业内合作伙伴，并定期进行沟通会，寻找并确认商机，转化销售机会",http://careers.tencent.com/jobdesc.html?postId=0
25666-腾讯云广电/媒体/报业行业客户经理（深圳/上海/成都）（成都）,CSIG,成都,中国,销售、服务与支持,"专注于腾讯云在广电（局台网）/报业领域的拓展
和客户快速建立商务关系，全面拓展客户更层级关系
采用顾问销售的方式来确定和推动销售机会
维护客户高层对腾讯云品牌忠诚度，长期保持信任关系
研究和了解运营商行业，深刻理解客户业务需求和挑战
对云、IPTV、OTT、运营商、5G的业务模型有深入了解，理解客户对此的需求和痛点
有效完成季度/全年销售任务
建立和执行客户销售计划（Account Business Plan），包括短期的销售机会和长期的战略
组织和参与渠道营销活动，寻找商机，转化销售机会
拓展行业内合作伙伴，并定期进行沟通会，寻找并确认商机，转化销售机会",http://careers.tencent.com/jobdesc.html?postId=0
32032-高级3D动画设计师,IEG,上海,中国,设计,"游戏中的3D角色动画设计和制作；
推动动画管线的建立和改进；
整合动作资源，承接模型对接特效；
外包资源的审核修改及外包团队的培养。",http://careers.tencent.com/jobdesc.html?postId=0
25664-政务行业高级产品经理（深圳）,CSIG,深圳,中国,产品,"岗位职责 
1、负责政府相关行业的产品设计工作，制定产品方案，进行产品的需求定义/原型/交互/文档等相关内容；
2、负责新场景探索，关注政府行业变化，主动孵化新产品或调整产品方向，不断提升产品体验及行业竞争力；
3、牵头跟进客户的整个产品使用阶段，积极配合售前与项目经理做产品支持。
",http://careers.tencent.com/jobdesc.html?postId=0
32032-【NExT Studios】交互设计师,IEG,上海,中国,设计,"负责部门内部协作平台的交互设计，包括PC端和小程序；
能够基于用户需求和产品理念，输出高质量的产品原型、流程图、线框图等清晰的表达设计方案；
具有较好的沟通协作能力，能与策划、程序充分协作，推动设计方案的落地实施；
负责产品的可用性测试和评估提出改进方案，持续优化用户体验。",http://careers.tencent.com/jobdesc.html?postId=0
30934-企业IT系统项目经理,IEG,深圳,中国,产品,"1、负责腾讯海外游戏公司所涉及到的IT服务系统的规划和项目实施
2、负责具体IT服务实施过程中具体的需求确认、可行性研究和立项工作
3、负责IT系统的整体设计、产品沟通、方案选型
4、负责IT系统实施过程中，和服务采购、人力资源、财务部门等职能沟通，并与外部第三方IT服务或应用供应商合作，实现整体IT系统的搭建或整合工作
5、负责IT系统完成后的系统验收和问题解决工作",http://careers.tencent.com/jobdesc.html?postId=0
32032-【NExT Studios】3D场景美术师,IEG,上海,中国,设计,"根据项目美术风格和世界观特点完成3D场景； 
根据需求制作地形编辑器所需模块资源； 
对场景进行后期效果调整以及性能优化。",http://careers.tencent.com/jobdesc.html?postId=0
WXG08-微信搜索推荐-策略产品经理（体验评估方向）,WXG,北京,中国,产品,"-负责搜索、推荐类产品的体验评估分析工作，发现体验问题，推动效果改进
- 独立负责用户体验评估数据的分析与结论产出，撰写报告
- 分析拆解线上体验问题，制定策略，驱动搜索、推荐的体验指标提升
- 搭建并完善体验分析工具与效果评估平台
- 跟进各类产品策略优化项目的落地效果，帮助研发打磨算法效果，确保策略上线效果符合预期
",http://careers.tencent.com/jobdesc.html?postId=1325691728681771008
22850-腾讯视频后台架构专家 （深圳）,PCG,深圳,中国,技术,"负责腾讯视频核心后台项目架构设计工作，涉及业务包括会员系统，垂直业务后台等；
负责腾讯视频研发模式变革，将业内先进的研发模式引入并有效到团队研发流程中，提升团队的研发质量和效能；
结合业务场景采用或抽象出通用的业务组件，合理使用成熟的框架和组件，避免业务重复造轮子，提升业务研发效率；
深入理解业务特性，对系统架构进行稳健的优化，对大系统的耦合合理优化，提升系统灵活性，改善团队的分工协作效率。",http://careers.tencent.com/jobdesc.html?postId=0
TB-高级投资分析师 / 投资经理（医疗大健康方向）,CDG,北京,中国,战略与投资,"Leading industry research and building deep domain knowledge;
Leading the whole investment process, including target evaluation, due diligence, negotiations, structuring deal terms and execution for sizable deals;
Building a broad network, sourcing and driving deals;
Driving team-based sharing.",http://careers.tencent.com/jobdesc.html?postId=1324625014695141376
25664-政府行业售前架构师,CSIG,深圳,中国,产品,"岗位职责：
 1. 负责向政务行业（包括但不限于政务、数字经济产业园、双创基地、智慧城市等方向）客户提供基于腾讯解决方案的业务咨询、技术咨询、技术方案、运营方案的规划、设计等专业服务； 
2. 负责项目售前阶段的需求分析、方案交流、方案设计、概念验证、招投标、方案交付等工作； 
3. 开展基于腾讯技术和生态资源的前瞻性研究，研究竞争对手情况，透彻分析行业态势，结合腾讯云技术与产品优势，以及腾讯生态资源，制订行业拓展策略与打法； 
4. 赋能生态合作伙伴，进行方案的培训和宣讲。
",http://careers.tencent.com/jobdesc.html?postId=1303893726866710528
PCG19-腾讯视频终端开发工程师（深圳/北京）,PCG,深圳,中国,技术,负责终端动态化框架的研发和性能优化，完成高质量编码和测试； 负责PCG动态化框架中台相关工作，实现关键技术点；,http://careers.tencent.com/jobdesc.html?postId=1143869331768086528
29912-推荐算法工程师（深圳）,PCG,深圳,中国,技术,"负责微视推荐算法研发、迭代优化；
负责微视用户大数据挖掘及并行机器学习算法研究。
",http://careers.tencent.com/jobdesc.html?postId=1310238359720828928
29912-推荐算法工程师（北京）,PCG,北京,中国,技术,"负责微视推荐算法研发、迭代优化；
负责微视用户大数据挖掘及并行机器学习算法研究。
",http://careers.tencent.com/jobdesc.html?postId=1249969822557540352
29912-推荐架构开发工程师（深圳）,PCG,深圳,中国,技术,负责微视推荐、搜索工程架构服务的开发、优化、维护等。,http://careers.tencent.com/jobdesc.html?postId=1227859156820561920
29912-推荐架构开发工程师（北京）,PCG,北京,中国,技术,负责微视推荐、搜索工程架构服务的开发、优化、维护等。,http://careers.tencent.com/jobdesc.html?postId=1227859157609091072
29912-内容推荐产品经理（北京）,PCG,北京,中国,产品,"1.深入理解推荐机制，负责内容推荐策略，对推荐效果负责
2.建立内容推荐数据评估体系，对线上业务进行全面监控和评估
3.联动算法和技术同学，通过实验持续进行推荐策略的迭代优化和效果验证
4.负责推荐内容体系建设，确保内容质量",http://careers.tencent.com/jobdesc.html?postId=1226793010239377408
29912-工具高级产品经理（北京）,PCG,北京,中国,产品,"1、负责短视频运营团队的使用的效率工具建设（偏创作者中心、内容中心方向），从创作者和内容两个方向思考产品建设
2、数据敏感，善于抽象业务需求共性，能把运营的有效方法沉淀为产品机制，为人效和业务增长负责
3、持续关注用户反馈，不断提升用户体验，提升运营效率",http://careers.tencent.com/jobdesc.html?postId=1300306288101564416
29912-工具高级产品经理（深圳）,PCG,深圳,中国,产品,"1、负责短视频运营团队使用的效率工具建设（偏创作者中心、内容中心方向），从创作者和内容两个方向思考产品建设
2、数据敏感，善于抽象业务需求共性，能把运营的有效方法沉淀为产品机制，为人效和业务增长负责
3、持续关注用户反馈，不断提升用户体验，提升运营效率",http://careers.tencent.com/jobdesc.html?postId=1300306287216566272
40931-虚拟仿真系统-C++工程师,CSIG,北京,中国,技术,"1. 负责仿真系统的后端引擎调度功能开发；
2. 负责仿真系统的后端引擎通信、配置等相关系统设计与开发；
3. 负责仿真系统运行效率优化；
",http://careers.tencent.com/jobdesc.html?postId=1326475023703089152
22989-高级视觉设计师,CSIG,深圳,中国,设计,"参与腾讯云用户研究及交互的方案讨论；
以用户体验为基础，通过视觉设计给以产品赋予情感化、同时满足易用性的产品体验；
参与腾讯云的产品和行业相关产品视觉设计工作，并持续优化设计上的细节；
为项目提供概念设计方案，完成客户提案，并推动方案的落地实施；
跟进工程师的页面视觉还原效果。
输出规范，保证生态合作伙伴和供应商输出质量。",http://careers.tencent.com/jobdesc.html?postId=0
22989-腾讯云存储系统后台开发工程师,CSIG,上海,中国,技术,"负责腾讯云对象存储服务COS的研发和优化； 
负责腾讯云存储中心大数据和数据湖方向的研究和产品化开发；
负责腾讯云对象存储服务COS的支撑平台设计、研发、优化及维护。",http://careers.tencent.com/jobdesc.html?postId=0
21228-游戏本地化策划,IEG,深圳,中国,产品,"负责游戏内和移动端助手各个系统及玩法的设计，包括但不限于系统功能模块、玩法模式规则、社交系统构架等方面，针对不同类型用户的需求，制订方案并推动开发，与开发进行良好的沟通合作； 
熟练运用版本效果分析、用户调研、玩家舆论监控等手段收集并提炼用户需求，推动游戏内容持续调优完善；
根据项目运营目标和运营节奏，设计针对性的运营活动，合理调用资源，投放高品质宣传，提升游戏活跃度；
探索游戏和直播平台结合的创新模式，联动游戏内、市场等多方资源，打造直播生态体系；
负责直播平台大事件活动的线上线下策划运营、以及其在端内外的传播推广，对运营活动的参与效果和用户口碑影响力负责；",http://careers.tencent.com/jobdesc.html?postId=0
37091-MMO手游数据分析师（深圳）,IEG,深圳,中国,产品,"对游戏数据相关工作负责，通过数据分析和数据挖掘，找出游戏的问题，调优建议和方向；
负责游戏数据分析体系搭建，包括TLOG埋点、日志上报、分析系统的规划等；
负责游戏目标用户分析、数据预估、用户调研等，为运营计划及市场方案提供依据；
负责游戏上线及版本更新时的效果分析，包括：留存及流失分析、付费分析、功能玩法分析、用户满意度调研等；
通过数据监控游戏中的各种动向与产品健康度，及时发现不良运营情况。",http://careers.tencent.com/jobdesc.html?postId=0
18432-金融科技用户内容运营,CDG,深圳,中国,产品,"1、手机充值自媒体渠道官号的运营工作，包括但不限于微信公众号、视频号、微博、企业微信等渠道；
2、负责基于产品宣传、热点营销、客户教育相关的定期内容、活动策划，推广策略制定等，对用户活跃度、产品渗透率等指标负责；
3、负责官方渠道资源梳理与分发，为资源使用率与使用效率负责。",http://careers.tencent.com/jobdesc.html?postId=0
15851-开放世界创新手游UE4开发工程师(深圳),IEG,深圳,中国,技术,"负责新游戏项目的研发工作；
负责游戏玩法需求的技术可行性评估，技术方案的设计和实现。",http://careers.tencent.com/jobdesc.html?postId=0
15605-UI视觉设计（深圳）,IEG,深圳,中国,设计,"负责参与产品的前期视觉用户研究、设计流行趋势分析；
负责项目UI设计和资源输出；
负责项目整体视觉风格设定；
负责参与设计流程和规范的制定；
负责与程序同事沟通在游戏中效果及实现方式。",http://careers.tencent.com/jobdesc.html?postId=0
30620-腾讯广告微信广告投放产品高级前端开发工程师(深圳）,CDG,深圳,中国,技术,"负责微信广告业务的web前端的开发工作；
负责微信广告业务的web前端系统分析、优化与架构工作。",http://careers.tencent.com/jobdesc.html?postId=1305548812550414336
TB-投资流程管控专员,CDG,深圳,中国,战略与投资,"协助对投资流程进行定期检查、数据分析和优化，包括研究和实施best practice，开发指标来跟踪流程合规的执行情况，并推动内部流程改进项目；
协助与投资流程中相关的各部门进行对接和沟通，收集其对于流程管理及文档管理的需求；
基于投资管理需求，对Checklist（即投资流程关键控制节点各部门需提交的文档及需填写的数据清单）进行维护及定期的优化；
基于各节点的Checklist，监督投资流程关键控制节点的执行，确保投资活动中数据的完整性和准确性，文档归档的及时性和完整性，以及流程遵从；
协助完成其他合规性工作；
",http://careers.tencent.com/jobdesc.html?postId=0
22989-腾讯云容器产品前端开发工程师(腾讯云全资子公司)（西安）,CSIG,西安,中国,技术,"负责腾讯云容器产品前端开发工作；
负责前端页面的开发，性能优化，安全加固，优化体验优化；
负责前端架构建设，公共组件的设计开发，研发工具建设，提高研发效率和研发质量；
负责相关接入层开发，主要用nodejs；
负责项目技术难题攻关和新技术预研。
",http://careers.tencent.com/jobdesc.html?postId=0
41071-腾讯会议Golang/Java高级后台工程师,CSIG,深圳,中国,技术,"1、负责产品核心系统的研发工作；
2、参与制定前后端业务流程、接口协议、文档输出等；
3、参与项目研发、部署及日常运维工作；",http://careers.tencent.com/jobdesc.html?postId=0
33676-手游数据分析经理（深圳）,IEG,深圳,中国,产品,"5年以上游戏数据分析经验，对用户建模、用户调研等有一定的了解；
对数据敏感，有较强的逻辑思维和数据分析能力，并有大数据对比及处理经验；
较强的总结和报告撰写能力，熟练使用excel、word、ppt等工作软件；
良好的沟通能力和合作意识，抗压能力强；
了解并热爱任天堂旗下经典IP，对历代产品及IP文化、历史。
",http://careers.tencent.com/jobdesc.html?postId=0
15571-《UE4写实军事大世界射击手游》后台主程（深圳）,IEG,深圳,中国,技术,"负责大规模在线服务的架构设计、后台开发团队的日常工作管理；
主导功能需求的技术可行性评估，方案设计和风险评估；
对后台开发效率、运营成本、稳定性、安全性等多方面负责；
与产品、客户端、测试、运营等团队高效协作，完成开发和运营目标，完善产品体验。",http://careers.tencent.com/jobdesc.html?postId=1291258741311676416
30630-腾讯广告商业分析（流量分析）（深圳/上海）,CDG,深圳,中国,战略与投资,"腾讯广告营销服务业务旨在为品牌及商家提供高效的营销解决方案，助力商业增长和为资源方提供更强的流量变现能力。在互联网广告领域发展逐步完善、市场头部玩家流量都面临瓶颈现状下，我们希望进一步探索互联网营销产品及技术升级的方向，与中台侧团队一同锤炼产品及平台能力，系统性提升客户营销效率及流量商业化效率，为业务及腾讯打造增长引擎：
以专业顾问和合作伙伴的角色，通过数据洞察为腾讯广告流量运营及策略规划提供内外全局视角
基于数据对各流量产品广告业务发展节奏进行把控，包括但不限于理解各资源情况、回顾及跟踪业绩发展，识别增长突破口，输出洞察发现，并推动目标完成，实现跨越发展；
时刻关注互联网营销生态及互联网广告产业链发展，把握行业趋势，助力广告及营销业务做战略布局，并与相应团队协同推动策略落地。
",http://careers.tencent.com/jobdesc.html?postId=1306570982051291136
30630-腾讯广告搜索业务战略合作产品运营经理（深圳）,CDG,深圳,中国,产品,"负责结合B端客户行业需求，推动微信搜一搜品牌搜索相关产品演进和体验优化；
负责跟进和梳理平台新能力，保证行业客户的充分理解和应用，实现行业客户与微信搜一搜的生态共建；
推动微信搜一搜品牌相关产品如官方区、运营卡片等产品形态的迭代并推动形态创新，推动拓展品牌搜索可运营资源位及运营玩法升级；",http://careers.tencent.com/jobdesc.html?postId=1288082568511496192
S2-采购财务管理经理（营销推广采购）,S2,深圳,中国,财务,"负责对公司采购职能的内部流程进行全面分析，评估并提供建议；
负责对公司采购职能下的供应商准入的合规性审核，及库内供应商的定期巡查。负责供应商管理报告的分析和输出，构建不同品类的成本分析模型，提供参考性公平价格评价；主导制定相关采购领域的内控标准和管理政策，面对业务部门提供采购相关的专业咨询与服务，参与重大采购项目主要节点的风险把控与支持工作；
负责采购管理全流程的梳理，识别相关风险点并提出应对风险的解决方案；
持续推动采购管理流程的优化，和推动成本的优化
协调内部审计项目中待改进项，跟进并汇报改善情况；
负责采购风控和成本控制意识的宣导和培训。",http://careers.tencent.com/jobdesc.html?postId=0
21309-腾讯教育--开心鼠教研产品经理（思维）（北京）,CSIG,北京,中国,产品,"1、负责学前数学思维本地化教研课程内容方案，从本地化教研角度针对线上课程不断调优，设置不同等级课程体系及难度进阶，同时辅助产品进行学习效果外化。
2、根据各年级年龄特点和课程体系，设计&规划各类线上短课包&线下随材，配合流量运营团队和群转销团队，制定对应的内容产品方案，并配合产品团队落地执行。
3、研究分析运营效果，根据数据和用户反馈不断调整和优化方案。
",http://careers.tencent.com/jobdesc.html?postId=0
21309-腾讯教育--开心鼠教研产品经理（思维）（深圳）,CSIG,深圳,中国,产品,"1、负责学前数学思维本地化教研课程内容方案，从本地化教研角度针对线上课程不断调优，设置不同等级课程体系及难度进阶，同时辅助产品进行学习效果外化。
2、根据各年级年龄特点和课程体系，设计&规划各类线上短课包&线下随材，配合流量运营团队和群转销团队，制定对应的内容产品方案，并配合产品团队落地执行。
3、研究分析运营效果，根据数据和用户反馈不断调整和优化方案。
",http://careers.tencent.com/jobdesc.html?postId=0
32268-32268-腾讯视频开放平台产品经理(北京),PCG,北京,中国,产品,负责腾讯视频APP资源位效率提升，更好的为矩阵产品、衍生业务、产品换量赋能。负责推动业务方，提升各流程转化；和推荐团队一起制定策略，结合用户生命周期提升整体效能。,http://careers.tencent.com/jobdesc.html?postId=1262935961084370944
PCG19-腾讯视频后台架构专家 （深圳）,PCG,深圳,中国,技术,"负责腾讯视频技术中台项目架构设计工作，负责建设PCG点播和直播音视频处理中台；
负责腾讯视频流媒体技术演进规划和实施，为业务提供灵活可靠的技术支撑；
负责腾讯视频流媒体技术难点的攻关和预研
",http://careers.tencent.com/jobdesc.html?postId=1247393506746437632
PCG19-数据传输中台研发工程师（深圳）,PCG,深圳,中国,技术,"负责播放器中台数据传输组件的研发以及各业务对接的新增需求支持，包括Http下载、P2P下载、传输协议优化、下载调度优化等； 
负责前沿传输技术的探究与中台实现落地，如RTC、MPTCP、QUIC、SRT等技术；",http://careers.tencent.com/jobdesc.html?postId=1253652772239187968
PCG19-音频算法高级工程师（深圳/北京）,PCG,深圳,中国,技术,"1. 负责腾讯视频音频算法的处理和实现。
2. 负责音频检索、音频分类、音频分析等算法产品的研发
3. 负责跟进音乐、音频、语音新技术研究探索。",http://careers.tencent.com/jobdesc.html?postId=1253652501543002112
15614-天刀内容运营,IEG,上海,中国,产品,"管理外团，挖掘用户需求，负责游戏内产出内容设计和质量把控；
并与渠道与市场运营同事合作，将高质量游戏内容在游戏自媒体和社区沉淀；
建立良好社区UGC氛围，引导社区生态正向发展；
根据游戏运营和传播节点制定相应的自媒体/社区运营策略；
实时跟踪运营效果，完善管理流程，沉淀运营方法，提升运营效率。                        ",http://careers.tencent.com/jobdesc.html?postId=0
29912-视频理解算法后台开发,PCG,北京,中国,技术,"1. 负责短视频内容挖掘实时计算模块开发，视频理解算法推理和训练服务设计和开发部署；
2. 负责大规模多媒体内容特征检索服务开发
3. 与算法研发和上下游业务方同事沟通，推动算法业务在可自动运维性、可用性和性能上持续改善和优化；
4. 负责视频相关业务内容挖掘效率提升，平衡人与机器的效率，设计和实现覆盖研发生命周期的服务和工具，如标签挖掘工具、视频数据画像工具、线上算法模型准确率评估服务等",http://careers.tencent.com/jobdesc.html?postId=1320746898201518080
30934-海外游戏项目管理,IEG,深圳,中国,产品,"1、根据项目需求，与国内外厂商日常交流及产品跟进，高效的传递双方的诉求和信息，建立、维护长期沟通及合作关系； 
2、协助项目进行客户对接沟通工作，及时发现、分析并解决项目问题，有效管理业务风险； 
3、对内负责与各合作部门沟通，深度挖掘项目对合作的需求，对外负责与合作方沟通，协调并跟进合作的顺利落地；
 4、负责建立和优化合作伙伴的工作流程和规范，跟进问题，保障运营。",http://careers.tencent.com/jobdesc.html?postId=0
30934-海外游戏商业化策划,IEG,深圳,中国,产品,"制定商业化运营规划，把控整体商业化节奏，确保收入目标达成；
通过运营数据发现问题，针对现状，设计针对不同用户的商业化活动，并跟进活动效果，对活动形式进行持续优化总结；
清晰用户需求，拓展游戏内商业化内容，合理利用游戏资源，策划商业化活动，总结传承不同用户特性；",http://careers.tencent.com/jobdesc.html?postId=0
15687-中台项目经理-TA方向,IEG,深圳,中国,产品,"负责中台资源的协调与管理，确保与各干系人顺利协同工作；
组织、编写、评审专项方案建议书、立项报告、实施方案等项目交付文档
定期与项目组 沟通，汇报专项进度，积极推进研究成果在项目里的实施与运用；
负责中台流程规范的制定和平台建设工作，确保项目有序推进
",http://careers.tencent.com/jobdesc.html?postId=0
25667-营销系统产品经理,CSIG,深圳,中国,产品,"	负责线上营销系统及其智能模块（智能质检、智能推荐、营销工具等）的规划与设计；
	基于销售团队业务流程需求，分析营销场景设计系统实现路径和解决方案，并协调内部资源推进功能上线；
	基于销售团队业务增长需求，分析系统运营数据探索业务流程效率提升节点并系统实现落地，推动持续运营及提升业务系统工作效率。

",http://careers.tencent.com/jobdesc.html?postId=0
30934-高级FPS产品运营策划经理,IEG,深圳,中国,产品,"1.负责产品的整个方向性设计把控
2.负责每个版本的内容规划
3.根据海外区域用户需求进行产品设计调优",http://careers.tencent.com/jobdesc.html?postId=0
25924-HY-数据分析开发工程师（深圳）,IEG,深圳,中国,技术,"1. 负责腾讯游戏数据处理、数据统计、数据分析与挖掘等，利用数据辅助产品运营决策
2. 负责腾讯游戏的数据指标体系建设，制定游戏数据统计与分析的标准 
3. 负责腾讯游戏实时数据应用的数据开发工作； 
4. 负责重点游戏的数据分析、主题分析、预测模型建立等； 
5. 跨业务、渠道的用户分析和营销方案模型策划和设计，通过大数据技术优化提升渠道投放&转化等。",http://careers.tencent.com/jobdesc.html?postId=0
31504-高级网络规划工程师（北京）,CSIG,北京,中国,技术,"根据腾讯云战略、业务需求及业界趋势，推动公有云网络架构演进，构建行业领先的云网络架构。
对骨干网和IDC网络定期进行优化分析，对网络运营已经发生的故障进行分析，制定优化方案，确保腾讯云网络在成本、扩展性、可用性等方面达到行业领先；
进行网络自动化运维设计，推动周边系统和相关团队完成自动化工具开发，持续提升海量用户的访问体验；
对全球BGP 网络进行规划和设计，调优全球网络质量，达到行业领先。",http://careers.tencent.com/jobdesc.html?postId=0
29316-CSIG-HRBP（外派武汉或西安）,S3,武汉,中国,人力资源,"1、负责CSIG区域研发公司的HR体系及重点项目的建设；
2、负责CSIG区域研发公司武汉或西安区域HR团队组建及HR工作落地执行工作；
3、负责协助CSIG业务部门推动区域研发团队研发质量和效率的提升；
4、负责协助管理层进行人才管理、团队发展、组织氛围建设等，确保公司文化在所属区域研发团队的落地。

",http://careers.tencent.com/jobdesc.html?postId=1302801432537210880
31506-高级数据分析师,CSIG,深圳,中国,技术,"1、负责对接业务数据需求，挖掘效率型工具与算法需求，付诸实践； 
2、深入理解业务商业目标，沉淀并搭建、运营基于业务在商业场景中的数据分析与上报体系、提供决策依据；
3、与业务数据的后台研发、TA与前端研发进行紧密的互动与配合，推进产品在行业领域的综合应用；",http://careers.tencent.com/jobdesc.html?postId=1333292804612300800
WXG-组织发展与干部管理专家,S3,广州,中国,人力资源,"1、负责推动微信事业群组织能力的诊断并提供有效的改善方案。配合事业群或重点业务部门的发展需要，根据项目的规模和复杂性，作为PM或核心项目成员主导或参与到组织效率诊断和组织能力提升的项目中，为内部客户提供专业的解决方案；
2、负责推动设计和优化事业群内组织架构，协助确保组织变革过程中各项沟通、协调与落地，跟进实施组织架构调整的各项工作；
3、根据事业群组织发展的需要，主导行业分析及有针对性的组织对标研究，为未来的组织发展和优化提供有价值的参考或根据需要给出专业的建议；
4、	负责组织发展及干部管理体系相关的机制、流程、工具的完善和优化，如管理干部的选拔、评估、任免、盘点等；
5、	参与协助领导力模型及相关行为准则的持续优化工作，持续加强对管理干部的培养。
",http://careers.tencent.com/jobdesc.html?postId=0
21882-智慧医药前端开发,CSIG,北京,中国,技术,"1，负责腾讯医疗资讯与服务部门的医药业务的前端开发工作；
2，参与需求分析、评审、代码逻辑实现、发布上线流程；
3，要求积极主动，有一定的抗压能力；",http://careers.tencent.com/jobdesc.html?postId=1272870593825349632
21882-腾讯医疗高级后台开发（北京）,CSIG,北京,中国,技术,负责腾讯医典/医生/医药电商等业务的后台开发与运营工作；负责后台架构的优化重构，保障后台系统的稳定运营；,http://careers.tencent.com/jobdesc.html?postId=1272866574675484672
21882-腾讯医疗高级前端开发（北京）,CSIG,北京,中国,技术,负责腾讯医典/医生/医药电商等业务H5/小程序/PC的前端页面开发，帮助业务持续优化前端页面的体验和访问速度；,http://careers.tencent.com/jobdesc.html?postId=1265817648315244544
21882-智慧医药后端研发,CSIG,北京,中国,技术,"负责医药线后台研发、运营，主要包括：
1.负责医药线后台需求设计与开发；
2.负责医药线后端业务的稳定运营；
3.负责其他相关ToB项目的后端开发工作。",http://careers.tencent.com/jobdesc.html?postId=1272870594462883840
22851-娱乐短视频品类经理,PCG,北京,中国,内容,"负责娱乐八卦、饭圈品类短视频的数据挖掘和分析工作，优化运营策略，对接上下游业务线，提高分发效率；
精准地进行创作者拓展和维护，维系创作者的活跃度、发文质量和权益；
健全娱乐品类短视频的内容生态构建，优化内容结构，组织内容生产，提高内容库存和内容质量。",http://careers.tencent.com/jobdesc.html?postId=0
CSIG07-零信任iOA后台开发工程师（腾讯云全资子公司）,CSIG,武汉,中国,技术,"1、参与腾讯企业安全产品的后台架构建设（需求分析、架构设计、核心框架及组件开发）
2、 持续从技术上提升服务性能、稳定性，提升研发效能
3、 优化和改进现有产品，提升用户体验和交付体验
注：此岗位为腾讯集团旗下全资子公司编制",http://careers.tencent.com/jobdesc.html?postId=0
CSIG07-零信任Windows终端安全研发工程师（腾讯云全资子公司）,CSIG,武汉,中国,技术,"1、负责腾讯企业终端安全产品的客户端研发
2、负责腾讯企业终端安全产品的内核技术研发
3、负责腾讯企业终端安全产品的兼容性和性能问题解决
注：此岗位为腾讯集团旗下全资子公司编制",http://careers.tencent.com/jobdesc.html?postId=0
CSIG07-零信任MAC终端安全研发工程师（腾讯云全资子公司）,CSIG,武汉,中国,技术,"1、负责腾讯企业终端安全产品（MAC平台）的客户端研发
2、负责腾讯企业终端安全产品（MAC平台）的兼容性和性能问题解决
3、负责腾讯企业终端安全产品（MAC平台）的安全管理接入等能力的研发
注：此岗位为腾讯集团旗下全资子公司编制",http://careers.tencent.com/jobdesc.html?postId=0
22989-交互设计师(腾讯云全资子公司)（西安）,CSIG,西安,中国,设计,"参与腾讯云控制台基础体验打磨及其他行业云产品的用户体验设计工作，主要负责交互设计环节，参与产品的规划构思，洞察真实需求，输出有理有据的设计方案。参与制订设计规范，并推动在整个团队中的实施，参与团队的专业化建设，提高团队专业水准。
负责项目产品的交互信息架构与任务流程等设计，保证产品的可用性和易用性，对最终落地的产品体验和效果负责；
发起和参与用户研究，根据用研结果对设计方案进行优化；
关注用户反馈，收集产品需求，为产品新功能提供设计想法；
负责产品的可用性测试和评估提出改进方案，持续优化产品的用户体验；
",http://careers.tencent.com/jobdesc.html?postId=1290695778196529152
CSIG02-教育SaaS产品高级运营经理（北京）,CSIG,北京,中国,产品,"1、结合产品的功能和解决方案，做精准的市场分析，并根据市场情况制定产品推广策略；
2、对教育行业有一定了解，结合教育行业的场景，通过活动或赛事等，做产品的运营和推广，提出创新性的产品运营方案；
3、负责产品的影响力运营，通过品牌宣传推广等，提升产品的市场占有率，并根据市场反馈推进产品的优化升级。",http://careers.tencent.com/jobdesc.html?postId=1331515745439326208
33370-智慧交通数据平台专家架构师,CSIG,北京,中国,技术,"1. 负责智慧交通数据及应用平台设计开发和优化； 
2. 负责数据计算性能和算法调优、高性能数据服务框架设计与开发；  
3. 负责建立智慧交通大数据挖掘、分析和统计的基础平台；
4. 对各类结构化、非结构化数据进行清洗融合； 
5. 提升智慧交通数字底座的影响力和易用性。
",http://careers.tencent.com/jobdesc.html?postId=1324320318990327808
21089-新游戏发行制作人,IEG,深圳,中国,产品,"负责对游戏的系统结构设计、框架设计及玩法系统设计等进行把控；
配合落地游戏产品,负责跟进产品从接入到上线运营阶段各环节流程工作，跟进项目落地；
了解游戏行业发展走向，提出创新想法，对游戏提出优化方案；
充分调动团队相关成员积极性，促进团队良性发展和进步。",http://careers.tencent.com/jobdesc.html?postId=1279999149923639296
31506-金融风控业务专家（北京）,CSIG,北京,中国,产品,"1、结合腾讯大数据和行业生态资源，负责金融行业方案的整合和创新，形成新的商业产品和方案；
2、负责头部金融客户的深度对接，结合内外部的资源和需求，挖掘金融行业新的商业增长；
3、支撑重大项目的售前和方案研究，引领金融行业变革和发展；
4、通过行业发声扩大和提高业务的知名度，拉通政府产业学术关系，营造良好的产业生态氛围；",http://careers.tencent.com/jobdesc.html?postId=0
40163-天美L2预研手游-资深2D场景设计师（成都）,IEG,成都,中国,设计,"定义统一的场景设计风格，对游戏场景设计整体负责；
负责设计场景中的建筑，物件，道具；
负责游戏关卡的概念设计；
负责与外部团队沟通，协同设计；
",http://careers.tencent.com/jobdesc.html?postId=0
35605-数据仓库研发工程师,PCG,深圳,中国,技术,"1.分析业务部门数据需求，搭建完善的指标体系；
2.负责数仓设计规范、开发规范及质量规范的制定与落地；
3.负责数据仓库开发，ETL流程的优化及解决相关技术问题； 
4.参与数据应用、建模，为业务提供决策支持；
5.参与数据产品设计和评审，保障数据平台架构稳定。",http://careers.tencent.com/jobdesc.html?postId=1333235906097717248
25663-云市场后台研发工程师leader（深圳）,CSIG,深圳,中国,技术,"参与腾讯云SaaS千帆-云市场，Saas商品中台、商户中台后台研发； 
参与相关系统的架构设计和评审，参与项目的技术攻坚和优化；系统文档的撰写、维护。",http://careers.tencent.com/jobdesc.html?postId=1271852288532553728
22851-增长运营,PCG,北京,中国,产品,"负责腾讯视频移动端push等增长手段的日常运营，通过资源分配策略、内容优化等综合运营手段，提升主要数据指标；
参与重点项目运营，制定相关的运营策略和计划，提升项目指标；
对不同终端数据变化分析，优化运营策略;对合作部门作出有效反馈，制定运营规范等；
和频道、产品、数据等团队建立良好沟通机制，不断提升精细化运营能力，保证策略的有效执行。",http://careers.tencent.com/jobdesc.html?postId=0
41073-运维开发工程师（腾讯云全资子公司）,CSIG,西安,中国,技术,"1. 负责支持产品在项目实施过程中的部署、运维问题的排查解决；
2. 负责产品日常维护和监控；
3. 参与产品的部署方案、运维方案、实施方案编制；",http://careers.tencent.com/jobdesc.html?postId=0
22989-腾讯云通信RTC后台开发工程师（深圳/上海/北京）,CSIG,深圳,中国,技术,"1、负责实时音视频通信融合通信平台开发；
2、负责构建覆盖全球的稳定、实时、高效、高质量的传输网络；
3、负责音视频传输和优化相关开发工作，核心技术问题攻坚、疑难问题解决和音视频通话质量调优； 
4、负责为腾讯云内外部客户提供底层架构方案和技术支撑。",http://careers.tencent.com/jobdesc.html?postId=1240838075597197312
30360-小世界内容体系后台开发,PCG,深圳,中国,技术,"负责小世界内容体系搭建及基础后台研发工作；
负责AI基础架构系统后台研发工作；
负责推荐系统，大数据分析计算后台研发工作；",http://careers.tencent.com/jobdesc.html?postId=1280372606133870592
25925-数据仓库高级工程师（深圳）,IEG,深圳,中国,技术,"建设PB级数据仓库，负责数据仓库设计、建模、研发等工作
参与多个游戏/业务的数据指标搭建，根据业务内容提供数据解决方案；
参与etl性能优化，etl数据监控以及相关技术问题的解决；
支持业务团队的数据建设工作，负责面向业务的olap，报表，数据提取等工作。
参与数据分析、数据挖掘类工作，提高用户粘性等指标。",http://careers.tencent.com/jobdesc.html?postId=1258584287498739712
26563-PC客户端开发工程师(深圳）,IEG,深圳,中国,技术,"负责wegame客户端相关技术优化及需求开发； 
负责wegame客户端性能优化工作，前沿相关技术预研工作； 
负责产品需求的开发实现工作。",http://careers.tencent.com/jobdesc.html?postId=1230389840978120704
21228-体育类游戏高级数据分析,IEG,深圳,中国,产品,"负责游戏运营数据深度挖掘和分析，发现游戏及用户痛点和问题，分析原因并给出合理优化建议；
结合商业化运营、活动运营、版本运营、渠道运营等进行专项分析，提炼问题并给出相应的优化建议；
负责与数据中心团队沟通合作，协力搭建产品精细化数据模型及运营方案，并推动在商业化和活动运营中进行落地，提升游戏活跃、留存及收入等数据；

",http://careers.tencent.com/jobdesc.html?postId=1286187451303337984
CSIG16-手图产品运营（数据分析）,CSIG,北京,中国,产品,"1. 针对地图产品，构建数据体系，并通过数据分析进行数据价值挖掘、建模，提供策略支持
2. 监控重点数据，能从数据异动中主动发现问题，结合对业务的深入理解，推动解决
3. 承接业务需求，进行专项数据分析，产出有价值的分析结果，促进产品迭代改进",http://careers.tencent.com/jobdesc.html?postId=1244451163475021824
CSIG16-垂类信息服务建设产品经理,CSIG,北京,中国,产品,负责腾讯地图垂类信息服务产品的设计和优化，根据业务发展需要，推进基础数据和基础能力建设； 负责出行场景下的垂类信息服务产品规划和产品迭代，深入用研分析，洞察用户需求，并在地图上提供服务满足； 用户行为及服务数据的挖掘和分析，结合产品运营，提升用户的认知，对服务的触达和使用规模负责； 协同设计、研发、数据团队推进产品方案的落地实施； 关注行业发展，分析竞品动态，探索未来在地图上的垂类信息服务方向。,http://careers.tencent.com/jobdesc.html?postId=1245362777778819072
15612-高级技术美术(北京),IEG,北京,中国,设计,"开发工具提升美术资源品质与制作效率；
与引擎团队合作开发(图形效果与工具链工具)
跟进美术资源，确保资源符合引擎规格和项目规范；
研究游戏引擎并帮助美术人员使用引擎和工具；
协助美术人员和程序人员优化游戏运行效率；
设计并制作游戏中的效果；
解决美术人员日常遇到的各种技术问题。",http://careers.tencent.com/jobdesc.html?postId=1182188063674077184
15612-高级游戏UI设计师（北京）,IEG,北京,中国,设计,"1. 负责游戏中的整体UI风格的设计,以及根据UI风格制作游戏中的UI界面；
2. 制定UI设计规范，字体字色规范；
3. 与策划沟通UI交互问题，制定资源相关制作规范；
4. UI图标设计工作，图标外包质量把控；
5. 与团队其他组员保持良好的沟通，保证项目的品质与进度。",http://careers.tencent.com/jobdesc.html?postId=1268744286401208320
15612-手游关卡策划（北京）,IEG,北京,中国,产品,"负责MMORPG关卡制作，主要包括结合IP的玩法包装、逻辑框架搭建、关卡玩法及AI设计、制作跟进、测试验证、调整优化及相关文档的制作；
运用unity，协同地编美术，3D场景以及相关部门进行游戏的关卡制作及物件规划；
能通过对RPG品类的分析和研究，提出对游戏有建设性意见的改进方案；
协同开发，搭建和优化游戏内关卡机制。",http://careers.tencent.com/jobdesc.html?postId=1161487721600913408
28302-云游戏后台高级开发工程师(深圳),IEG,深圳,中国,技术,负责START云游戏后台框架搭建和业务逻辑开发，持续提升性能，提升体验，优化架构，支持海量用户业务。,http://careers.tencent.com/jobdesc.html?postId=1212927185644425216
33676-批发渠道销售高级经理（上海）,IEG,上海,中国,销售、服务与支持,"负责线下销售渠道的开发、管理、目标实现；
任天堂Switch相关产品的渠道销售管理；
针对中国地区批发渠道的销售增长策略制定、执行以及管理；
渠道目标制定与执行，包含但不限于revenue, #POS, sell-in/sell-through, profit, inventory, compliance；
管理渠道价格、合规、陈列、培训、货品计划等日常事宜；
批发渠道搭建、开发与维护；
协同市场营销部门进行渠道营销计划与执行；
销售团队搭建与管理；
产品销售需求规划与评估。
",http://careers.tencent.com/jobdesc.html?postId=1165985484875239424
26563-后台开发工程师(深圳）,IEG,深圳,中国,技术,"负责移动APP社区服务的设计开发；
负责移动APP游戏内容服务设计开发；
负责移动APP用户数据分析与功能开发。",http://careers.tencent.com/jobdesc.html?postId=1258291675495669760
28302-云游戏实时音视频网络开发工程师(深圳),IEG,深圳,中国,技术,"负责实时音视频服务的系统设计、开发和架构优化；
实时网络传输算法研究，包括流量控制、重传等。",http://careers.tencent.com/jobdesc.html?postId=1206479357179072512
21228-万智牌游戏运营,IEG,深圳,中国,产品,"负责游戏产品内容（包括核心玩法、社交系统、商业化内容、新手引导、基础体验等各功能模块）的规划及本地化方案制定，并能够推动开发商完成功能内容的开发及优化工作；
负责游戏整体商业化策划工作，规划和搭建游戏商业化体系，并能够结合版本内容及节点，制定合理的商业化活动并跟进落地执行，确保完成商业化目标；
负责通过用户调研、数据分析等多种方式对游戏功能内容及商业化系统和活动进行分析总结，定位游戏痛点、挖掘用户诉求，并能够输出针对性的优化方案。
",http://careers.tencent.com/jobdesc.html?postId=1259018676644880384
26563-国际化游戏发行(深圳),IEG,深圳,中国,产品,"负责单主机游戏的海外发行业务，与海外开发者直接沟通，推动游戏从引进到发行的全过程；
建立和完善海外发行渠道；
根据不同发行区域，调整游戏的本地化和发行策略; 
与国内发行团队密切合作，整合优势共同发力。",http://careers.tencent.com/jobdesc.html?postId=1204296929106726912
26563-海外游戏发行（深圳）,IEG,深圳,中国,产品,负责搭建海外游戏发行体系，建立和完善海外发行渠道；评估海外游戏项目水准与潜力，共同参与游戏引进评估；与发行团队密切合作，共同拓展海外发行市场，形成自有竞争力。,http://careers.tencent.com/jobdesc.html?postId=1204296929874284544
21228-开放世界MMORPG游戏商业化,IEG,深圳,中国,产品,"制定商业化运营节奏及策略， 负责商业化页面活动设计和配置、抽奖等相关工作； 
负责各类活动的执行和跟进效果，拆分项目指标，对活动进行持续性效果分析，优化活动形式、制定改进策略，完成目标要求； 
能根据不同用户行为进行针对性的商业化活动设计，提升用户付费体验，养成用户良好的付费习惯，形成游戏商业化节奏； 
搭建商业化相关的数据分析框架，定期跟踪付费群体动态，支撑商业化调优； 
深度挖掘用户诉求，拓展游戏内商业化空间，持续进行精细化的深度商业化挖掘。",http://careers.tencent.com/jobdesc.html?postId=1204648060903231488
28302-云游戏Linux系统工程师(深圳),IEG,深圳,中国,技术,"负责云游戏Linux技术栈的探索，负责Linux平台游戏的云化方案；
深入研究行业方案，确定技术路线，确保Linux云游戏平台技术落地。",http://careers.tencent.com/jobdesc.html?postId=1206479318646001664
21228-FIFA品类运营-数据分析/用研,IEG,深圳,中国,产品,"负责产品运营期的数据分析及用户研究工作；
负责舆情监控、日常外网问题处理，并推动运营及内容优化；
负责优化完善游戏数据分析报表，不断根据运营需求完善报表指标，日常数据监控和报表输出；
负责基础的号码包的提取等支持工作。",http://careers.tencent.com/jobdesc.html?postId=1262304920439103488
21228-大IP产品移动游戏本地化策划,IEG,深圳,中国,产品,负责对接内外部合作伙伴，进行全球范围新产品的孵化、本地化策划及运营工作；主要包括核心玩法及周边系统的具体规划、用户需求输出、研发推进及功能系统的把控验收； 掌握市场趋势并响应用户需求，将用户及产品需求相关的核心玩法、用户成长、基础体验等功能模块形成本地化策划案并与研发讨论后推动实现； 在运营阶段结合运营节奏及产品数据，主导相关游戏系统的调优、更新及进行创新性系统的设计。,http://careers.tencent.com/jobdesc.html?postId=1260875364637351936
21228-FIFA品类手游版本管理,IEG,深圳,中国,产品,"负责FIFA类足球产品（手游产品）版本管理工作；
主要包括版本发布，需求确认与版本内容策划，和开发商、运维、测试、安全等部门接口沟通等工作；
作为版本发布人，协助制定版本发布计划和时间，保证版本发布效果、风险预估。
负责日常外网问题反馈接受和处理，推动版本质量及内容优化。",http://careers.tencent.com/jobdesc.html?postId=1263074178035097600
32269-腾讯视频资深文学策划,PCG,北京,中国,产品,"1、	筛选、评估自有IP、原创剧本或自主策划影视项目选题，完成前期内容策划，独立撰写项目提案并全流程主导剧本创作；
2、	负责各阶段剧本文本审读，提出详细的书面意见并统筹编剧进行修改，直至达到公司拍摄要求；
3、	发掘、梳理编剧资源，建立创作资源人才库并负责日常维护，为项目精准匹配开发资源，并持续发掘潜力项目；
4、	对影视剧作品、市场进行分析调研，研究热播剧成功要素及市场趋势，前瞻性研判市场方向；
",http://careers.tencent.com/jobdesc.html?postId=1318016778139344896
18302-新动作手游-3D主美,IEG,深圳,中国,设计,"负责项目的核心模块，统筹3D场景、角色、动作、特效整合落地统一风格；
负责建设外包团队，建立3D模块的QA标准；
负责3D团队日常管理，制定工作计划，把控美术品质，分配任务，组织建设和人才培养。
",http://careers.tencent.com/jobdesc.html?postId=0
30624-腾讯广告消电IT行业销售经理,CDG,广州,中国,销售、服务与支持,"1、负责消电IT行业大客户拓展与维护工作;
2、负责公司所有广告产品对客户的推广及销售工作，包括但不限于视频、游戏、社交广告等。
3、了解客户需求，寻找销售机会。建立与企业的深度合作关系，解决销售及执行过程中的各种问题和挑战；
3、负责销售项目的沟通、执行、KPI完成等",http://careers.tencent.com/jobdesc.html?postId=0
33676-高级主机游戏策划,IEG,深圳,中国,产品,"负责新游戏世界观的架构、角色设定；
负责游戏内核心系统和玩法的规划设计、执行，包括但不限于系统框架，特色玩法，商业化活动等；
负责跟进项目上线后各项运营数据的分析总结，结合用户反馈和研究，持续优化；
乐于分享，能够指导团队新人，并给予团队建设性意见。",http://careers.tencent.com/jobdesc.html?postId=1275311497853018112
37087-web前端开发,IEG,深圳,中国,技术,"负责互动阅读产品，轻游戏产品前端开发维护工作；
负责产品运营工具、管理工具的开发维护工作；
负责实现突破web多终端设备限制，为更多用户群体提供随时随地的线上生活体验。",http://careers.tencent.com/jobdesc.html?postId=1245674799284359168
33676-战略分析经理（深圳）,IEG,深圳,中国,战略与投资,"负责任天堂合作部的商业分析相关工作，洞察游戏行业前沿发展动态，判断关键趋势，挖掘潜在机会点，并为任天堂合作部战略布局提供可落地的建议，包括但不限于：
探索和任天堂结合的新的商业机会，制定业务发展规划和商业计划，推动产品模式创新和合作伙伴关系建立，拓展和搭建新合作业务如移动游戏、衍生品、游戏生态合作等；
制定部门年度商业计划，组织各负责中心进行商业计划目标分解和跟踪，分析任天堂合作部业务经营状况，向腾讯游戏管理层输出月度管理报告和战略规划；
监测国内外竞争市场变化，研究游戏行业前沿趋势如云游戏、智能硬件VR、会员服务和直播互动游戏等，为管理层战略布局和投资方向提供决策支持，并推动落地；
推动和任天堂的商务提案、谈判和合作签署，规划合作落地，管理部门各项目进度。
",http://careers.tencent.com/jobdesc.html?postId=1278622985648873472
37087-《王者荣耀》版本管理,IEG,深圳,中国,产品,"协助制定版本和产品分阶段迭代规划，包括时间规划和部分内容规划，负责跟进、协调项目各阶段的版本开发和更新发布进度，保证版本稳定性；
负责移动游戏版本发布的完整过程，协调测试、运维、开发、联调、安全、CDN等各方面技术工作 ，与研发、公司内资源团队紧密沟通，保证功能接入、开发和验收的顺利进行；、
负责日常外网问题监控、反馈和处理；维护版本更新记录、配合完成版本更新前后分析，协助评估版本更新效果；
负责产品版本流程优化及版本总结工作，并评估运营阶段存在的运营风险并提出合理的解决方案，不断提升版本质量；
接口客服、法务、商务、政策等团队，负责产品相关的内外部投诉、法务维权、黑灰产打击、未成年保护等问题的跟进和处理。",http://careers.tencent.com/jobdesc.html?postId=1295256396081668096
37087-娱乐平台资深运营经理,IEG,深圳,中国,产品,"负责产品相关的数据目标，具备较强的运营策划执行力，丰富的产品运营经验及一定的产品创意，将市场需求、业务目标通过较好的方案落地，达成目的；
对内容行业的运营热点敏感，主动结合目标用户特征制定产品运营节奏，调动创意。",http://careers.tencent.com/jobdesc.html?postId=1295644449807802368
37087-后台开发,IEG,深圳,中国,技术,"负责互动阅读产品、轻游戏产品的设计、开发和维护工作；
负责通用组件、运营工具的设计、开发和维护工作；
负责业务外网运营的持续跟进和优化。",http://careers.tencent.com/jobdesc.html?postId=1245674798730711040
15605-射击游戏系统策划（深圳）,IEG,深圳,中国,产品,"游戏基础系统设计及推进落地；
游戏经济体系相关系统的设计搭建及推进落地；
游戏社交体系相关系统的设计搭建及推进落地；
部分数值的设计工作。",http://careers.tencent.com/jobdesc.html?postId=1300363192576253952
33676-通路营销经理（上海）,IEG,上海,中国,营销与公关,"协助通路营销经理的工作，包含品牌建立，提升顾客的线下产品体验，促进销售，零售市场资源配置与数据整合等工作。并根据市场活动主题，针对专业电玩渠道做一定的灵活调整。
大型路演及展会的设计执行，包含场地规划，动线设计，现场运营，确保活动顺利进行；
执行及配合专业电玩渠道的营销市场计划，协助通路营销经理制定包括终端店内品牌促销、品牌活动推广、消费者活动等；
与销售团队及经销商市场团队建立有效的沟通，定期收集终端销售数据及市场反馈，并能有效传达市场推广信息，确保品牌市场信息有效实施；
根据渠道推广及品牌活动做好费用规划及各项活动KPI，按时输出报告；
协助终端市场的推广执行、终端形象的监督管理；
负责渠道市场推广物料POSM \ GWP 等的设计制作并落地；
协助制定终端陈列改善计划，包括商品展示指导，陈列道具的设计制作，demo流程的优化工作。",http://careers.tencent.com/jobdesc.html?postId=1237665423063781376
37087-创新游戏渠道合作运营,IEG,深圳,中国,产品,"为创新游戏/产品设计和拓展新的渠道合作方式，渠道类型涵盖社交类、商店类、视频类等，需结合创新游戏/产品的特点，针对不同类型渠道输出创新的合作模式；
为创新游戏/产品导入目标用户，针对不同创新游戏产品的特点，在各类渠道寻找精准引流的方案，完成用户导入目标；
关注游戏行业的动态信息，包含创新游戏新发行方式，用户在内外平台场景习惯等，输出观察结论，帮助创新游戏/产品发现新机会。",http://careers.tencent.com/jobdesc.html?postId=1252132069690052608
37087-游戏发行业务商业分析,IEG,深圳,中国,战略与投资,"2年及以上市场分析或战略规划工作经验，优先考虑大型互联网公司战略规划/行业分析部门，或投资/咨询机构TMT行业背景从业者；
热爱游戏，喜欢尝试多类型游戏，有丰富游戏经历优先；
具有较强的逻辑性、洞察力和分析能力，能够独立撰写研究报告；
拥有良好的沟通和人际交往能力，具备团队合作精神；
出色的PPT撰写及excel建模能力。",http://careers.tencent.com/jobdesc.html?postId=1298141565474054144
37087-《王者荣耀》商业化活动运营,IEG,深圳,中国,产品,"根据游戏商业化目标，规划和落地游戏内各阶段商业化活动，根据活动效果持续迭代优化；
统筹游戏外投放的所有商业化活动，通过优化活动规则和资源产出，实现商业化资源在外部产生的效益最大化；
根据当下热点、商业化投放节奏，设计创新型商业化活动。",http://careers.tencent.com/jobdesc.html?postId=1295256379761631232
37087-游戏评估与开发者关系维护,IEG,深圳,中国,产品,"负责极光重点布局品类的厂商盘点，分析，拓展，维护，挖掘并锁定符合极光布局方向的潜力厂商或者团队；
积极挖掘具备投资价值的标的，能够全面的从策划，美术，技术实现，文化打造，玩法创新等多个维度进行专业评估；
 协助公司前端商务进行极光向厂商的商务关系维护以及日常运营商务相关事项的推进和协调；",http://careers.tencent.com/jobdesc.html?postId=1295607537567014912
37087-王者荣耀社区用户运营,IEG,深圳,中国,产品,"负责王者荣耀社区渠道运营相关工作，制定相关策略的制定、执行、监控和分析，提升用户对游戏和社区的价值与粘性；通过对不同类型社区用户的洞察和分析，针对性的进行场景化运营和精细化用户运营，满足各类用户诉求，提升王者荣耀社区和内容的用户满意度；
负责王者荣耀游戏节点的日常宣发工作，根据节点特点和宣发需求，制定宣发策略、与内外部协作配合共同完成发行工作；
负责对接社区渠道合作方，积极挖掘有利资源，进行合作事件或活动的策划、谈判和落地执行；
跟踪各个项目的落地效果，并及时发现问题优化策略，勇于尝试新玩法，打造健康可持续发展的的社区用户运营体系。
",http://careers.tencent.com/jobdesc.html?postId=1300370229662064640
26563-星际战甲游戏英语PM(深圳) ,IEG,深圳,中国,产品,"负责星际战甲的本地化运营工作及开发商沟通；
具备精品PC网游运营能力，负责英语游戏的本地化管理；
对游戏有专业理解及判断能力，具备游戏前期评估到发行的全流程管理及执行经验。",http://careers.tencent.com/jobdesc.html?postId=1296003733322211328
26563-GO/PHP应用开发工程师（深圳）,IEG,深圳,中国,技术,"负责掌上WeGame Web服务的后台API的设计开发、服务性能调优及问题处理工作；
参与系统的需求分析、架构设计、评审、编码、技术攻坚与优化。",http://careers.tencent.com/jobdesc.html?postId=1296630446452383744
15573-全球化SLG商业化策划(上海),IEG,上海,中国,产品,"规划和搭建游戏商业化体系，制定版本商业化内容；
根据不同用户行为进行针对性的商业化活动设计，养成用户付费习惯，形成游戏商业化节奏； 
能够从玩家处收集并提炼用户需求或通过版本效果分析来梳理需求，深度挖掘用户诉求，拓展游戏内商业化空间，持续进行精细化的深度商业化挖掘；
对商业化模块和活动进行持续性效果分析，并协助制定产品改进策略。",http://careers.tencent.com/jobdesc.html?postId=1123175319876931584
24012-影视视觉美术师（上海）,IEG,上海,中国,设计,"负责影视游戏中的美术设计；
负责游戏插图，海报、宣传KV、视觉创意的设计；
配合其他岗位同事完善游戏最终表现效果；
负责外包资源的跟进与修改。",http://careers.tencent.com/jobdesc.html?postId=1138676686355697664
15573-3A开放世界RPG手游高级项目经理（上海）,IEG,上海,中国,产品,"负责手游项目开发管理，确保项目团队各干系人协同工作；
负责版本计划的制定、过程跟踪、风险监控，确保项目按计划完成； 
负责制定执行项目流程规范，确保项目有序推进；
负责项目资源的合理安排及协调，与团队紧密沟通、解决过程中的问题，有效管理项目风险；
负责组织项目各项评审会议及项目例会；
负责海外合作方的版本计划协调与沟通。",http://careers.tencent.com/jobdesc.html?postId=1182132053370474496
15573-3A开放世界手游UI动效设计师（上海）,IEG,上海,中国,设计,"根据产品的特征和视觉风格，制定游戏的动效风格；
应用引擎制作游戏中各类游戏UI动效，提升游戏UI整体表现；
配合程序、策划，进行动效资源优化，并及时处理游戏中出现的相关动效资源问题；
熟知交互设计流程，关注时下视觉动效流行趋势，为团队提供专业的动效意见和建议。",http://careers.tencent.com/jobdesc.html?postId=1290870790559899648
33851-执行制作人（上海）,IEG,上海,中国,产品,"参与整包项目筛选和启动的决策，评估整包项目提案，对提案内容及团队素质提出专业客观意见；
被任命监管指定整包项目，阶段性常驻研发团队，与项目核心团队紧密沟通，确保项目方向，品质，进度可控；
与公司各部门沟通合作，确保与自己负责的整包项目相关的信息沟通顺畅，包括且不限于：NEXT Studios对项目内容和品质的宏观管理，发行部门需求和用户市场反馈，合同及财务相关信息等；
管理优化相关部门对项目的意见和需求，根据项目阶段梳理信息优先级，及时并准确传达给团队，同时管理信息反馈，确保各方保持共识；
及时发现项目或团队可能出现的风险并提出预警，协调各部门资源及时启动风险控制方案。
",http://careers.tencent.com/jobdesc.html?postId=1235410664076349440
15573-全球化SLG游戏社区策划（上海）,IEG,上海,中国,产品,"负责游戏海外社区运营推广和维护，包括社区宣传内容制作及日常更新维护、社群用户关系维护、头部玩家管理等；
通过有创意、传播性强、符合用户需求的社区活动来提升社群的关注和粉丝数、用户活跃与互动等；
配合产品版本运营节奏、市场推广等，同步相应的版更、活动、市场品牌等信息，进行内容推广和舆论引导；
关注社区用户口碑，收集用户建议与意见，为游戏的用户体验和功能改善提出建设性意见。
",http://careers.tencent.com/jobdesc.html?postId=1301489567647408128
15573-市场推广策划（上海）,IEG,上海,中国,产品,"负责市场策划工作，根据游戏特色、目标用户特色和运营目标，制定游戏品牌策略及不同运营阶段的市场营销及推广方案并跟进方案的落实与执行；
负责游戏各运营阶段的外部合作沟通，跟进合作方式、活动计划及执行，并通过数据分析对合作效果进行监控。",http://careers.tencent.com/jobdesc.html?postId=1301795987307634688
15573-SLG手游版本管理(上海),IEG,上海,中国,产品,"协助制定版本和产品分阶段迭代规划，包括时间规划和部分内容规划，负责跟进、协调项目各阶段的版本开发和更新发布进度，保证版本稳定性；
负责移动游戏版本发布的完整过程，协调测试、运维、开发、联调、安全、CDN等各方面技术工作 ，与研发、公司内资源团队紧密沟通，保证功能接入、开发和验收的顺利进行；
负责日常外网问题监控、反馈和处理；维护版本更新记录、配合完成版本更新前后分析，协助评估版本更新效果；
负责产品版本流程优化及版本总结工作，并评估运营阶段存在的运营风险并提出合理的解决方案，不断提升版本质量；
接口客服、法务、商务、政策等团队，负责产品相关的内外部投诉、法务维权、黑灰产打击、未成年保护等问题的跟进和处理。",http://careers.tencent.com/jobdesc.html?postId=1301795972942143488
23292-互娱DNFM品牌经理,IEG,深圳,中国,营销与公关,"负责品牌定位、市场策略制定、品牌LOGO设计指导及标准化工作；
负责用户研究和调研方案输出、年度推广的策略制定和执行工作；
负责广告创意、广告投放、公关传播、事件营销等策划和执行工作；
以项目管理的方式，独立完成各项活动的主题策划、方案设计、内容整合、执行全过程，验收评估；
协调整合内外各类资源，推进品牌推广计划的实施。",http://careers.tencent.com/jobdesc.html?postId=1258334539621605376
19332-产品商业化运营高级经理,CSIG,上海,中国,产品,"深刻理解企点业务策略和目标，持续优化商业化政策、规则、流程，并推动策略和目标落地。具体职责：
1.为企点产品的商业化效率负责，通过商业化政策、流程、系统和协作机制持续优化，提升商业化效率
2.牵头企点产品销售整体政策和规则的制定，并通过定价/活动/销售政策细则审核等，保障政策和规则的有效执行
3.配合产品、BI团队制定新产品/模块Go-to-market的里程碑、阶段性目标和评估机制，拉通内外部团队，推动目标对齐与达成
4.协同产研团队，高效向业务团队与支持团队赋能，帮助他们更好地理解企点商业化政策与流程，提升跨团队协作
5.参与行业、友商洞察和经营分析，反哺商业化体系、政策、规则、流程优化，并探索新的商业化机会
",http://careers.tencent.com/jobdesc.html?postId=0
23671-企鹅号前端开发（北京）,PCG,北京,中国,技术,"负责企鹅号前端开发和性能优化；
负责接入层逻辑开发，前端架构建设及公共组件的设计开发；
负责企鹅号后台系统的前端开发及维护。",http://careers.tencent.com/jobdesc.html?postId=1258700932024115200
23671-内容开放平台前端开发（深圳）,PCG,深圳,中国,技术,"负责腾讯内容开放平台的前端开发工作，包括 Web 前端和 Nodejs 后端；
负责持续优化前端页面性能和访问速度，提升页面体验；
负责前端框架建设、公共组件设计开发等工作。",http://careers.tencent.com/jobdesc.html?postId=1302139897108242432
31677-SMAD - 行业用户研究组 - 腾讯车联和交通高级用户研究员,CSIG,北京,中国,设计,"您将负责腾讯车联，腾讯大交通行业的用户研究工作，为内部业务决策提供可落地的研究支持；
负责有效协同产品、设计等角色，从体验层面开展研究工作，解决体验痛点问题，挖掘改进点，推动产品和服务，实现体验优化。
研究车联和交通的最新动态，挖掘和分析用户特点、行为模式、体验及情感需求，为产品和设计创新提供指引；
梳理内部产品现状，分析用户满意度和后台数据，提供有价值的数据洞察和分析报告； 
 
",http://careers.tencent.com/jobdesc.html?postId=0
31504-高级 Linux 云服务器专家,CSIG,深圳,中国,产品,"1. 负责云服务器、专用宿主机等计算服务技术支持工作，为客户提供云操作系统故障诊断、问题分析、优化建议等专业服务；
2. 深入分析客户在使用云服务器时遇到的相关技术问题，归纳模型，沉淀和开发工具与平台
3. 从技术、产品、和流程制度方面提升售后服务专业度和效率，协助优化产品质量和客户体验",http://careers.tencent.com/jobdesc.html?postId=1301771759988514816
31504-高级 Windows 云服务器专家 ,CSIG,深圳,中国,技术,"1. 负责云服务器、专用宿主机等计算服务的技术支持工作，为客户提供 Windows 云操作系统相关的故障诊断、问题分析、优化建议、方案咨询等专业服务
2. 深入分析客户在使用 Windows 云服务器时遇到的相关技术问题，归纳模型，沉淀和开发工具与平台
3. 从技术、产品、和流程制度方面提升售后服务专业度和效率，协助优化产品质量和客户体验",http://careers.tencent.com/jobdesc.html?postId=1245746436478341120
22989-腾讯云存储产品售前架构师（深圳/北京/上海）,CSIG,深圳,中国,技术,"依据腾讯云存储产品形态和特点，贴近各行业用户，对行业重点用户进行存储渗透，完成用户转化；
依据腾讯云存储产品支撑服务能力，确保重点项目的拆解和落地，推进项目实施以及解决方案可复制；
梳理整合重点客户实际应用场景诉求，推进腾讯云存储产品能力进化。",http://careers.tencent.com/jobdesc.html?postId=0
18427-高级后台java开发工程师,CDG,深圳,中国,技术,负责理财通运营系统的开发工作，建设金融业务用户增长相关的技术平台。,http://careers.tencent.com/jobdesc.html?postId=1318444038495412224
18427-增长系统/运营系统高级产品经理,CDG,深圳,中国,产品,"1）负责理财通大运营系统的产品架构设计和策划工作，包括运营活动系统、营销投放系统、数据监测系统、内容生成系统等的设计，能够结合业务发展需要完成系统的模块化设计；
2）开发新的用户增长工具和数据工具，不断完善理财通基础数据能力和提升运营效率；
3）向外和向内对接各类运营场景需求，并能对需求进行抽象加工，沉淀为大运营系统能力；",http://careers.tencent.com/jobdesc.html?postId=1322722125148069888
23672-记者,PCG,北京,中国,内容,"原创深度内容的生产、选题策划；
拓展和积累行业资源；
参与工作室重大项目的稿件撰写；
参与组内项目的内容策划和业务创新。",http://careers.tencent.com/jobdesc.html?postId=1317036745207848960
40251-腾讯视频NBA直播运营设计岗,PCG,北京,中国,设计,"负责NBA赛事每日直播推广图；
负责NBA转播演播室多屏海报设计及制作；
负责重点赛事社交媒体传播海报制作；
负责节目呈现相关视觉设计，如节目logo，视觉海报等。",http://careers.tencent.com/jobdesc.html?postId=1331520144979009536
22989-腾讯会议web前端高级研发工程师(深圳),CSIG,深圳,中国,技术,"1. 负责腾讯会议产品Web及小程序端业务设计和开发；
2. 负责Web及小程序端的稳定性及性能优化；
3. 负责页面样式、布局优化；
4. 负责腾讯会议Web相关的技术预研等；
5. 负责腾讯会议前端打包流程的优化；
6. 负责腾讯会议前端工作流程的完善，提升Web前端研发团队的工作效率；",http://careers.tencent.com/jobdesc.html?postId=1123178237678063616
22989-腾讯云音视频开发高级工程师（深圳）,CSIG,深圳,中国,技术,"1. 负责腾讯云音视频SDK（推流、直播、点播、RTC 等）的开发和优化工作，并配套开发相应的场景解决方案业务流程，以满足不同场景和不同行业的客户需求。
2. 作为腾讯云终端研发中心团队的服务接口人，全流程参与客户需求咨询、需求评估、方案设计、方案实施及交付工作。
4. 负责优化腾讯云TRT、GME、云通信、移动直播、短视频和超级播放器等几款产品的产品易用性，并跟踪客户的接入成本、完善服务体系，解决客户使用产品服务和解决方案过程中的技术问题，不断完善问题处理机制和流程。",http://careers.tencent.com/jobdesc.html?postId=1258947539382575104
22989-腾讯会议Windows研发高级工程师(深圳),CSIG,深圳,中国,技术,"1. 负责视频会议产品Windows客户端相关业务开发；
3. 负责腾讯会议Windows SAAS核心框架功能的设计和开发；
3. 进行前沿技术的探索和研究等；
4. 指导初级开发工程师，完成研发任务。",http://careers.tencent.com/jobdesc.html?postId=1259005954859474944
22989-腾讯会议iOS/Mac高级研发工程师（深圳/北京）,CSIG,深圳,中国,技术,"1、负责腾讯会议 iOS 终端功能模块开发或架构优化工作；
2、负责高质量的方案设计和编码，不断迭代重构；
3、负责项目重点、难点的技术攻坚以及移动端新技术预研等。",http://careers.tencent.com/jobdesc.html?postId=1266305643204059136
22989-腾讯会议iOS高级研发工程师,CSIG,深圳,中国,技术,"1、负责腾讯会议 iOS 终端功能模块开发或架构优化工作；
2、负责高质量的方案设计和编码，不断迭代重构；
3、负责项目重点、难点的技术攻坚以及移动端新技术预研等。
",http://careers.tencent.com/jobdesc.html?postId=1271683800698462208
22989-腾讯会议iOS高级开发工程师,CSIG,深圳,中国,技术,"1、负责腾讯会议 iOS 终端功能模块开发或架构优化工作；
2、负责高质量的方案设计和编码，不断迭代重构；
3、负责项目重点、难点的技术攻坚以及移动端新技术预研等。
",http://careers.tencent.com/jobdesc.html?postId=1271696278534758400
22989-腾讯会议Windows开发高级工程师,CSIG,深圳,中国,技术,"1. 负责视频会议产品Windows客户端相关业务开发；
3. 负责腾讯会议Windows SAAS核心框架功能的设计和开发；
3. 进行前沿技术的探索和研究等；
4. 指导初级开发工程师，完成研发任务。
",http://careers.tencent.com/jobdesc.html?postId=1271696339217948672
22989-腾讯会议C++/Windows高级开发工程师(北京）,CSIG,北京,中国,技术,"  1. 负责腾讯会议 C++ 跨平台框架的开发和维护
  2. 负责腾讯会议 C++ 跨平台框架架构设计
",http://careers.tencent.com/jobdesc.html?postId=1271696393756483584
WXG03-微信小程序终端系统嵌入式开发工程师（深圳）,WXG,深圳,中国,技术,负责小程序终端系统的硬件选型、适配、驱动开发、优化工作。,http://careers.tencent.com/jobdesc.html?postId=1252929813719556096
WXG03-微信小程序终端系统嵌入式开发工程师（广州）,WXG,广州,中国,技术,负责小程序终端系统的硬件选型、适配、驱动开发、优化工作。,http://careers.tencent.com/jobdesc.html?postId=1277237743172198400
WXG03-微信小程序终端系统客户端开发工程师（广州）,WXG,广州,中国,技术,"负责小程序终端系统的系统服务开发；
负责小程序终端系统的系统底层开发。",http://careers.tencent.com/jobdesc.html?postId=1288457237034967040
WXG03-微信小程序开发框架底层开发工程师（广州）,WXG,广州,中国,技术,"负责小程序终端系统的框架开发；
负责小程序渲染底层优化的工作；
负责小程序核心框架的架构设计、性能优化等工作。",http://careers.tencent.com/jobdesc.html?postId=1288459584691773440
WXG03-微信小商店电商平台C++后台开发工程师（深圳）,WXG,深圳,中国,技术,负责微信小商店相关业务的后台支持。,http://careers.tencent.com/jobdesc.html?postId=1291005869701472256
WXG03-微信小游戏引擎客户端开发(深圳）,WXG,深圳,中国,技术,"负责小游戏客户端引擎的设计和开发。
优化游戏引擎性能。
图形新技术的探索和实践。",http://careers.tencent.com/jobdesc.html?postId=1291013692166512640
22989-腾讯会议C++/Windows开发工程师(北京）,CSIG,北京,中国,技术,"1. 负责腾讯会议 C++ 跨平台框架的开发和维护
2. 负责腾讯会议 C++ 跨平台框架架构设计
",http://careers.tencent.com/jobdesc.html?postId=1272589275732385792
22989-腾讯会议Android开发工程师,CSIG,深圳,中国,技术,"1. 负责腾讯会议Android终端功能模块开发；
2. 负责腾讯会议Android终端的稳定性及性能优化；
3. 负责腾讯会议Android端SAAS框架封装及设计；
4. 负责项目重点、难点的技术攻坚以及移动端新技术预研等。
",http://careers.tencent.com/jobdesc.html?postId=1272589329310425088
22989-腾讯会议Windows开发工程师,CSIG,深圳,中国,技术,"1. 负责视频会议产品Windows客户端相关业务开发；
3. 负责腾讯会议Windows SAAS核心框架功能的设计和开发；
3. 进行前沿技术的探索和研究等；
4. 指导初级开发工程师，完成研发任务。
",http://careers.tencent.com/jobdesc.html?postId=1272589402547167232
22989-腾讯会议iOS/Mac开发工程师,CSIG,深圳,中国,技术,"1、负责腾讯会议 iOS 终端功能模块开发或架构优化工作；
2、负责高质量的方案设计和编码，不断迭代重构；
3、负责项目重点、难点的技术攻坚以及移动端新技术预研等。
",http://careers.tencent.com/jobdesc.html?postId=1272589455647055872
22989-腾讯会议客户端开发专家（深圳/北京）,CSIG,深圳,中国,技术,"负责腾讯会议终终端架构设计及优化工作；
负责性能优化，稳定性流畅度提升；
负责业务核心基础模块的抽象，设计和搭建工作，以提升研发团队的工作效率；
负责项目重点、难点的技术攻坚以及移动端新技术预研等。",http://careers.tencent.com/jobdesc.html?postId=1247923404472848384
22989-腾讯云音视频开发高级工程师（上海）,CSIG,上海,中国,技术,"1. 负责腾讯云音视频SDK（推流、直播、点播、RTC 等）的开发和优化工作，并配套开发相应的场景解决方案业务流程，以满足不同场景和不同行业的客户需求。
2. 作为腾讯云终端研发中心团队的服务接口人，全流程参与客户需求咨询、需求评估、方案设计、方案实施及交付工作。
4. 负责优化腾讯云TRTC、云通信、移动直播、短视频和超级播放器等几款产品的产品易用性，并跟踪客户的接入成本、完善服务体系，解决客户使用产品服务和解决方案过程中的技术问题，不断完善问题处理机制和流程。",http://careers.tencent.com/jobdesc.html?postId=1250990185437466624
TZ-Content Strategist,CDG,香港（中国）,中国,财务,"Key Responsibilities and Expectations:
Create a strategy for social media that aligns with the company’s corporate communications strategy, establish effective benchmarks for measuring the impact of social media, set KPIs, evaluate results and monitor trends;
Lead cross-team collaboration efforts with various internal stakeholders and external agencies. Create and optimize team workflows;
Be responsible for the voice, tones and quality of the content on the company’s social media accounts on owned and third-party platforms. Develop and implement guidelines;
Develop and implement digital campaigns, ensure they are sufficiently localized for each market as needed;
Manage the team’s social media and content resources, including outsourcing, external cooperation, and content creation tools;
Build and maintain strong relationships with vendors, including but not limited to, Facebook, Instagram, Twitter;
Drive synergy with social paid ads, search, display, etc;
Monitor new trends in social media tools, platforms and applications in key markets;
Oversee the monthly content calendar and the production/sourcing of each piece of content
Budget management and planning;

Skills:
We’re looking for a creative person who thrives in the face of a challenge;
Strong ability to build relationships with partners and teammates across linguistic, cultural, geographic and time differences;
Effective project management and organizational skills;
Strong ability to communicate information and ideas through writing, speaking, graphics and photos;
Creative thinker – both in terms of content and problem solving;
Able to work under pressure and with short time frames;
Team player, with the confidence to take the lead and guide the development of frontline staff;
Able to dig into social data/analytics and draw sound, insightful conclusions;
Excellent project management and ownership skills;
Ability to ride along with project changes and adapt to a fast-paced work environment;
Graphic design or video experience is a plus;",http://careers.tencent.com/jobdesc.html?postId=1316234811018321920
22989-腾讯云音视频开发高级工程师（北京）,CSIG,北京,中国,技术,"1. 负责腾讯云音视频SDK（推流、直播、点播、RTC 等）的开发和优化工作，并配套开发相应的场景解决方案业务流程，以满足不同场景和不同行业的客户需求。
2. 作为腾讯云终端研发中心团队的服务接口人，全流程参与客户需求咨询、需求评估、方案设计、方案实施及交付工作。
4. 负责优化腾讯云TRTC、云通信、移动直播、短视频和超级播放器等几款产品的产品易用性，并跟踪客户的接入成本、完善服务体系，解决客户使用产品服务和解决方案过程中的技术问题，不断完善问题处理机制和流程。",http://careers.tencent.com/jobdesc.html?postId=1251061920149016576
22989-腾讯会议客户端开发高级工程师（深圳）,CSIG,深圳,中国,技术,"腾讯会议音频和视觉相关算法工程优化；
腾讯会议整体工程性能优化；
相关前沿技术探索。",http://careers.tencent.com/jobdesc.html?postId=1254726196722147328
22989-腾讯云资深 C++ 终端研发工程师,CSIG,上海,中国,技术,"1. 参与腾讯云音视频 PAAS 产品的建设工作，并将其打造成腾讯云最有竞争力的云产品，致力于提供全球一流的音视频 PAAS 服务。
2. 参与包括直播、点播、TRTC、短视频、视频特效、音频处理等一系列终端 SDK 的开发工作，为企业级客户提供一体化和高质量的音视频解决方案。
3. 工作内容包含 SDK 的架构设计、核心功能的开发和优化、性能和质量调优、CodeReview、以及 SDK 框架设计和优化工作。
3. 负责产品涵盖移动直播SDK、短视频SDK、IM SDK 和 TRTC SDK 等，涉及 iOS、Android、Windows、Mac 等四大主流客户端平台，以及微信内嵌的小程序音视频SDK。",http://careers.tencent.com/jobdesc.html?postId=1275066824685264896
16088-信息流CV/NLP高级研究员（深圳）,PCG,深圳,中国,技术,"参与信息流推荐的视频理解工作，主要包括：
视频分类和视频标签（包括多模态，明星识别，场景识别，物体检测等），标签体系，兴趣探索等；
视频Embedding，Graph Embedding，内容推荐召回，视频聚类，挖掘优质视频等",http://careers.tencent.com/jobdesc.html?postId=1280423233975230464
17229-和平精英-资深原画设计师（深圳）,IEG,深圳,中国,设计,"负责角色原画造型、动态等设计；负责道具、饰品等原画设计；
负责优化宣传素材，攻坚重要海报宣传设计；
负责外包资源的审核修改，包括对外包资源制作进行审核修改，统一风格，提高美术设计品质。",http://careers.tencent.com/jobdesc.html?postId=1270630820368883712
17229-和平精英-高级系统玩法策划(深圳）,IEG,深圳,中国,产品,"负责游戏内系统（包括但不限于系统功能、模式玩法规则、社交玩法、平台能力接口等）内容的设计和跟进执行；
对研发计划做清晰的规划，确保功能内容保质保量上线；
负责跟进相关内容上线后的运营数据，通过运营数据和用户研究进行总结，并持续进行后续优化。",http://careers.tencent.com/jobdesc.html?postId=1278556718799790080
17229-和平精英-资深3D角色设计师 （深圳）,IEG,深圳,中国,设计,"根据原画制作高中低模，模型的大型、结构及颜色都紧跟项目品质要求；
资源导入引擎进行调试材质球及贴图绘制并在游戏里验收最终效果；
对渲染需求素材进行打光和适配材质，使用3D渲染器进行渲染；
外包制作跟进和品质意见反馈输出；
版本缺陷修改及问题反馈沟通。",http://careers.tencent.com/jobdesc.html?postId=1277606652010307584
17229-和平精英-高级3D场景地形编辑（深圳）,IEG,深圳,中国,设计,"负责游戏内的场景氛围搭建和整合；
根据原画设计还原整个场景氛围和细节；
资源导入引擎进行调试材质球及贴图绘制及在游戏里验收最终效果；
外包制作跟进和品质意见反馈输出；
版本缺陷修改及问题反馈沟通。",http://careers.tencent.com/jobdesc.html?postId=1277606653331513344
17229-和平精英-游戏研发项目经理（深圳）,IEG,深圳,中国,产品,"1、负责手游项目开发管理，确保项目团队各干系人协同工作；
2、负责版本计划的制定、过程跟踪、风险监控，确保项目按计划完成；
3、负责制定执行项目流程规范，组织项目的各项评审会议以及项目例会，确保项目有序推进；
4、负责项目资源的合理安排及协调，与团队紧密沟通、解决过程中的问题，有效管理项目风险。",http://careers.tencent.com/jobdesc.html?postId=1277606654199734272
17229-和平精英-资深3D枪械载具设计师 （深圳）,IEG,深圳,中国,设计,"根据原画制作模型PBR流程；
资源导入引擎，材质调试，游戏里验收最终效果；
参与游戏开发，功能资源制作与跟进；
外包跟进，反馈输出。",http://careers.tencent.com/jobdesc.html?postId=1277606652840779776
17229-和平精英-高级3D场景物件设计师（深圳）,IEG,深圳,中国,设计,"负责游戏内场景物件的模型贴图制作；
使用UE4引擎导入物件并且调整材质效果；
推动项目3D场景物件的持续提升和优化；
审核外包提交的3D资源，并指导外包制作；
配合制定游戏场景物件的美术风格，优化场景美术制作及技术规范流程。",http://careers.tencent.com/jobdesc.html?postId=1277877885574586368
17229-和平精英-资深枪械数值策划(深圳）,IEG,深圳,中国,产品,"1.参与负责游戏战斗相关的枪械、道具、数值等方面的内容；
2.负责枪械手感调整；
3.负责相关战斗公式，节奏把控。",http://careers.tencent.com/jobdesc.html?postId=1277951216835371008
17229-和平精英-高级经济系统策划（深圳）,IEG,深圳,中国,产品,"1.设计物品，商店，拍卖行等交易相关系统；
2.保证局内外的流通控制和投放控制。",http://careers.tencent.com/jobdesc.html?postId=1278556719269552128
17229-和平精英-高级动画设计师（深圳）,IEG,深圳,中国,设计,"对接和拆分动画需求，并且全程跟进直到版本内体验；
整合资源合入引擎，和策划程序多环节进行效果联调； 
必要时需要动作捕捉。 ",http://careers.tencent.com/jobdesc.html?postId=1277606652828196864
28481-高级项目经理(深圳),CSIG,深圳,中国,产品,"负责研发外包团队的日常建设、包括内外工作沟通协调、团队建设、员工管理等，协助提升团队凝聚力与战斗力；
负责协同各研发小组做好外包资源联动和动态优化调整，确保人力资源得到有效使用等工作；
负责中心内部研发效能提升及技术与业务中台建设相关的项目沟通和管理工作，开展目标确认、计划制定、过程跟踪、风险监控、定期组织汇报等工作，确保项目顺利推进和按计划完成；
负责中心内外包供应商合同洽谈和签署、研发外包引入招聘等其它事务型工作；",http://careers.tencent.com/jobdesc.html?postId=1331564417074077696
38663-后台开发通用方向岗位,PCG,深圳,中国,技术,"负责社交大数据平台的基础架构设计和技术选型，主导对应的落地实施；
负责搭建大数据应用平台，实现安全高效的数据管理和高性能的数据处理，并提供一站式的机器学习平台体验，提升数据挖掘和数据应用的效率；
结合业界大数据最佳实践持续优化大数据架构。",http://careers.tencent.com/jobdesc.html?postId=1255129471418114048
23295-互娱增长平台Web前端开发工程师（深圳）,IEG,深圳,中国,技术,"负责开发具有通用性的平台提升游戏的用户增长效率；
负责设计与编码实现增长工具平台以满足各增长职能团队的需求；
前端页面框架系统建设与维护，移动端(Web+小程序+终端前台)的创新项目的研发等",http://careers.tencent.com/jobdesc.html?postId=1258272952382660608
15570-2D原画设计师（深圳）,IEG,深圳,中国,设计,"根据策划需求设计游戏所需的角色和场景；
扶着绘制游戏宣传图；
跟进3D角色和场景的最终效果实现；
原画外包跟进。",http://careers.tencent.com/jobdesc.html?postId=1228183586197213184
15570-Unity客户端开发工程师（深圳）,IEG,深圳,中国,技术,"负责手游项目Unity客户端逻辑功能及核心模块开发；
负责与策划、美术等密切配合，以使功能达到设计要求并体验良好；
负责与后台服务器配合良好，高效的完成需求开发。",http://careers.tencent.com/jobdesc.html?postId=1275317044580982784
15570-RPG手游UI设计师（深圳）,IEG,深圳,中国,设计,"负责风格制定，制作UI界面，图标绘制；
负责与策划沟通界面风格以及交互体验；
负责与程序沟通界面的优化方案；
负责和外包沟通和跟进验收资源。",http://careers.tencent.com/jobdesc.html?postId=1301811378301968384
28481-医院服务产品策划,CSIG,深圳,中国,产品,"负责腾讯健康医院服务相关产品策划及服务建设，深度挖掘C端就医人群的潜在需求，并转化成可落地的产品设计，输出产品原型及需求说明；
负责医院服务对外沟通，洞察行业内服务商及医院的诉求，转化为产品需求，并协调部门相关资源，驱动产品开发、测试及上线；
以用户体验及数据结果为导向不断优化现有产品功能，提升服务转化和产品体验；",http://careers.tencent.com/jobdesc.html?postId=1291218812447760384
28481-腾讯健康小程序策划,CSIG,深圳,中国,产品,"负责腾讯健康小程序产品策划，完成C端用户的医疗与泛健康服务建设。深度分析及挖掘不同人群需求，并能对需求进行场景细分，设计针对性的产品策略；
独立完成腾讯健康C端产品的策划、原型、产品流程和体检设计，高质量的输出需求文档；
把控用户转化的各关键节点，能以体验及数据为导向不断优化现有产品功能，建设核心服务，提升产品体验；",http://careers.tencent.com/jobdesc.html?postId=1291218811835392000
28481-消费医疗产品经理,CSIG,深圳,中国,产品,"进行消费医疗相关产品策划及服务建设，转化成可落地的产品模式，输出产品原型及需求说明；
洞察行业内消费医疗机会与用户的诉求，保障服务质量的同时，扩展服务品类；
承担商业化目标，以用户体验及转化结果为导向不断优化现有产品功能，提升服务转化和产品体验；",http://careers.tencent.com/jobdesc.html?postId=1291218812460343296
26699-智慧零售研发中心研发leader（深圳）,CSIG,深圳,中国,技术,"负责智慧零售项目研发，依据业务战略规划，落地具体产品，制定团队的技术规划和发展方向；
规划团队的技术以及业务发展方向、重大技术方案选型以及技术氛围的建设。",http://careers.tencent.com/jobdesc.html?postId=1234976625397862400
15616-高级动画设计师,IEG,上海,中国,设计,"负责制作游戏中的角色、场景动画及编辑制作并输出引擎使用文件；
负责UI动态的表现设计，并能与程序沟通完成技术方案；
负责动画外包的质量监控与进度管理。",http://careers.tencent.com/jobdesc.html?postId=1123175898342756352
24987-MMO射击游戏高级系统及数值策划,IEG,上海,中国,产品,"MMO射击游戏的系统构架设计与全局数值模型搭建；
负责游戏系统模块、玩法体系的框架搭建、方案设计、制作跟进、体验验证、数据分析、调整优化；
负责游戏全局数值模型，包含单局体验、成长体系、经济体系等各体系的数值设定
协调开发中的相关资源，确保数值、美术表现、功能体验等达到预期。",http://careers.tencent.com/jobdesc.html?postId=1152115408547876864
15616-3D美术场景设计师（上海）,IEG,上海,中国,设计,"负责场景模型制作，关卡整合，外包沟通管理；
熟悉掌握3DMAX，精通unity等渲染引擎，擅长日漫手绘风格的优先；
具有较强的美术基础，对于整体场景气氛有较强的把控能力，熟悉资源导入，资源管理，材质管理，性能优化等。",http://careers.tencent.com/jobdesc.html?postId=1265472575048261632
24987-资深3D角色美术（上海）,IEG,上海,中国,设计,"负责项目中3D角色的制作和美术开发；
对接外包工作并给与反馈；
AAA项目开发和次世代角色制作。",http://careers.tencent.com/jobdesc.html?postId=1241909473866420224
15616-高级UI设计师（上海）,IEG,上海,中国,设计,"负责一款日漫风格游戏整体UI视觉风格设定，把控整体UI设计效果 
提升UI品质，负责制定相应的制作规范和标准
负责与策划、程序同事沟通在游戏中效果及实现方式。",http://careers.tencent.com/jobdesc.html?postId=1250282623704502272
24987-3D次世代射击游戏UI设计师,IEG,上海,中国,设计,"负责3D次世代游戏的UI设计、界面搭建工作，以及与程序同事沟通在游戏中的UI效果及实现方式；
部分负责运营美术宣传图设计、运营美术外包设计图审核与反馈；
部分负责管理外派制作的游戏图标质量把控，提升图标品质；

",http://careers.tencent.com/jobdesc.html?postId=1255760385240211456
24987-运营经理,IEG,上海,中国,产品,"整体负责游戏的运营管理和统筹工作，对运营品质及产品相关内容负责；
跟进把控游戏从预热上线到成熟运营，对用户的活跃及产品的收入负责；
基于游戏的生命周期阶段，制定细化方案，与开发团队沟通，并带领团队完成方案目标。",http://careers.tencent.com/jobdesc.html?postId=1277657617040154624
15616-资深2D日漫角色设计师（上海）,IEG,上海,中国,设计,"负责项目的角色相关原画设计
负责宣传图气氛、海报的设计；
负责优化产品风格方向，不断提升项目美术品质；
负责外包资源的审核修改，统一风格，并提高外包的制作品质。",http://careers.tencent.com/jobdesc.html?postId=1287652040306073600
15581-MMORPG游戏运营,IEG,深圳,中国,产品,"根据产品特性搭建目标用户圈层模型，协调相关团队做数据挖掘；
密切关注平台诉求和平台用户特点，能够敏锐捕捉用户需求并提出创新性方案满足用户诉求； 
有数据驱动思维，能够运用数据分析工具，对平台活动效果进行监控与分析；
根据平台用户反馈协助产品的本地化、商业化调优工作，不断改善产品的用户体验和用户口碑。
",http://careers.tencent.com/jobdesc.html?postId=1290895122510127104
15579-高级3D游戏特效设计（深圳）,IEG,深圳,中国,设计,"角色技能、场景等特效以及UI特效设计制作；
与原画、动作以及程序策划保持良好的沟通和工作上的衔接；
整理归纳制作流程和设计心得的规范文档；
游戏特效品质推进及体验优化。",http://careers.tencent.com/jobdesc.html?postId=1224255311020298240
15579-游戏引擎开发工程师（深圳）,IEG,深圳,中国,技术,"负责商业引擎的开发与扩展；
负责引擎及客户端的性能优化；
负责渲染的程序实现； 
与美术和策划能良好沟通，提升游戏体验，提高游戏品质；
关注前沿技术，设计与实现高效的美术与资源管线，提升项目的研发效率与品质；
优化当前美术与资源管线，优化工具与工作生产流程。",http://careers.tencent.com/jobdesc.html?postId=1261259660007055360
15579-资深游戏玩法策划（深圳）,IEG,深圳,中国,产品,"项目会在尊重个人意愿的前提下，根据能力与经验来分配具体模块的工作，并负责跟进实现，保证项目开发质量。
单局玩法设计：对MOBA类游戏的战斗设计有深入理解，可以独立设计AI；
创新能力：对创新玩法和策略性有一定的深入理解，能够在玩法基础上进行创新；
赛事还原：熟悉赛事，对电竞行业有深入了解和兴趣；熟悉电竞赛事用户对内容的需求。",http://careers.tencent.com/jobdesc.html?postId=1267294013480771584
15579-移动游戏后台开发工程师（深圳/洛杉矶）,IEG,深圳,中国,技术,"手机游戏后台功能模块的设计和开发工作；
手机游戏后台系统运营和问题分析和解决。",http://careers.tencent.com/jobdesc.html?postId=1267293751550681088
15579-互娱双语项目管理经理(深圳),IEG,深圳,中国,产品,"对外，负责与海外合作伙伴进行沟通。包括需求沟通确认，会议组织，翻译等工作；
对内，负责研发过程管理。包括研发计划制定、过程跟踪、质量把控、风险把控等工作。",http://careers.tencent.com/jobdesc.html?postId=1270924417173561344
15579-移动游戏客户端开发工程师（深圳/洛杉矶）,IEG,深圳,中国,技术,"负责精品手游客户端的开发、维护；
负责精品手游客户端的性能优化；
负责新技术预研、框架搭建。",http://careers.tencent.com/jobdesc.html?postId=1275690902139969536
15579-移动游戏后台高级开发工程师（深圳/洛杉矶）,IEG,深圳,中国,技术,"手机游戏后台功能模块的设计和开发工作；
手机游戏后台系统运营和问题分析和解决。",http://careers.tencent.com/jobdesc.html?postId=1297742263497007104
15579-游戏数据挖掘工程师（深圳）,IEG,深圳,中国,技术,"负责游戏数据分析、数学建模、用户画像、数据挖掘等工作；
结合数据挖掘，进一步构建特征，机器/深度学习模型构建；
优化现有线上算法，结合实际业务需求与数据，利用分布式计算框架，研发高效可靠的数据挖掘解决方案；
利用数据挖掘技术发现业务场景中的特定/异常值，并探索提升/解决方法；
跟进业界最新进展，并能够快速应用到业务中。",http://careers.tencent.com/jobdesc.html?postId=1300285547587051520
15579-资深游戏数值策划（深圳）,IEG,深圳,中国,产品,"负责游戏重要系统的数据分析，包括但不限于核心战斗、成长体系、社交模块、商业化等； 
负责推动游戏系统、运营平台功能的实现与验证，并且给出专业的数据方向的判断。",http://careers.tencent.com/jobdesc.html?postId=1240827411797381120
15851-高级游戏测试工程师（深圳）,IEG,深圳,中国,技术,"负责移动游戏产品的测试工作，保障项目顺利发布；
优化、提高团队与项目组之间的良好沟通渠道，以及测试效率和输出质量。",http://careers.tencent.com/jobdesc.html?postId=1290188983262781440
15851-高级专项测试工程师(深圳),IEG,深圳,中国,技术,负责移动游戏产品的测试工作，包括功能、性能、自动化、代码质量等维度。,http://careers.tencent.com/jobdesc.html?postId=1290188982205816832
15579-高级游戏美术动画师（深圳）,IEG,深圳,中国,设计,"负责游戏中动作的设计和制作；
负责外包资源的审核修改及外包团队培养。",http://careers.tencent.com/jobdesc.html?postId=1255392904684249088
15579-移动游戏客户端高级开发工程师（深圳/洛杉矶）,IEG,深圳,中国,技术,"负责精品手游客户端的开发、维护；
负责精品手游客户端的性能优化；
负责新技术预研、框架搭建。",http://careers.tencent.com/jobdesc.html?postId=1297742264239398912
15579-游戏高级C++开发工程师（深圳）,IEG,深圳,中国,技术,"负责精品手游C++GameCore基础框架机制的开发和维护；
负责精品手游帧同步框架的机制的开发扩展和维护；
负责精品手游分线程技术方案的扩展和优化；
负责精品手游其他技术方案的开发和维护。",http://careers.tencent.com/jobdesc.html?postId=1298540309013078016
15579-游戏AI开发工程师（深圳）,IEG,深圳,中国,技术,"负责精品手游AI的设计、开发、维护；
负责前沿AI技术预研及方案在项目中的落地。",http://careers.tencent.com/jobdesc.html?postId=1300285546395869184
15605-资深材质纹理技术美术师,IEG,深圳,中国,设计,"根据需求为项目搭建Substance Designer工作流
搭建项目智能材质纹理库
为项目制作材质纹理标准
探索项目材质纹理风格化流程",http://careers.tencent.com/jobdesc.html?postId=1331905345123000320
22989-数据库平台高级工程师（成都/深圳）,CSIG,成都,中国,技术,"1.负责针对新产品以及存量产品平台的设计，优化，维护工作;
2.负责云数据库产品的架构优化，制定标准接口和指标；
3.负责腾讯云平台的数据库和NOSQL产品后台研发工作；
4.负责对现有在线系统稳定性优化、性能调优等工作;
",http://careers.tencent.com/jobdesc.html?postId=1123177342164799488
36811-腾讯新闻Golang研发工程师 ,PCG,北京,中国,技术,"参与腾讯新闻客户端后台业务系统设计、开发与实现； 
结合需求设计实现安全、稳定、高伸缩性、高性能、易维护、易用性好的业务系统； 
根据系统发展，对技术架构不断调整，持续优化。",http://careers.tencent.com/jobdesc.html?postId=1245168623031422976
36811-腾讯新闻推荐算法高级工程师,PCG,北京,中国,技术,"1、负责腾讯新闻召回模型优化；
2、点击率预估和排序模型优化；
3、深度学习相关算法优化和应用",http://careers.tencent.com/jobdesc.html?postId=1322742875426922496
22851-社区运营,PCG,北京,中国,内容,"负责腾讯视频泛兴趣社区内容运营，针对社区广场与圈层场景制定有效运营策略并推进落地，构建站内社区氛围；
有较强的数据能力，能运用数据和用户反馈及时对运营方向进行优化与复盘；
有较强的产品意识，能跟进社区产品功能及创新玩法，提升用户体验，最大化转化用户价值。
 ",http://careers.tencent.com/jobdesc.html?postId=0
WXG08-微信服务搜索行业运营经理（深圳）,WXG,深圳,中国,产品,"负责微信搜一搜在垂直行业（教育培训、旅游出行、医疗健康、生活商业服务、金融领域、社群电商、直播电商等7个领域）的合作/解决方案的推广，通过制定针对性合作策略、模式及计划，完成搜一搜运营目标；
与产品团队协同，基于行业知识图谱不断调优服务搜索召回结果，满足B/C用户需求；
结合搜一搜产品核心价值，提出并落地搜一搜垂直行业解决方案，并对结果负责。",http://careers.tencent.com/jobdesc.html?postId=1257925624702443520
WXG08-微信搜一搜产品运营经理（广州）,WXG,广州,中国,产品,"联动B端内容生态并结合微信优势打造特色的搜索体验，加强搜一搜用户认知；
参与微信搜一搜的搜索体验优化，推动搜索流量良性增长。",http://careers.tencent.com/jobdesc.html?postId=1280404438032326656
WXG10-212 企业微信制造行业产品经理（广州）,WXG,广州,中国,产品,"负责企业微信在制造行业的产品创新，形成行业影响力，具体包括但不限于：
1、了解和分析具体行业的整体趋势、企业经营方式、员工工作场景，洞察企业微信切入行业的机会和方法；
2、负责行业需求的分析、抽象和产品策划，推动企业微信行业专版和专项功能的落地；
3、负责建立面向行业的整体解决方案蓝图，与行业服务商一起共创，形成面向特定场景的企业微信行业解决方案；
4、负责企业微信专版及行业解决方案推广落地相关的产品工作，特别是重点客户落地的产品方案推进。",http://careers.tencent.com/jobdesc.html?postId=1123177077537771520
WXG10-152 企业微信系统测试工程师（广州）,WXG,广州,中国,技术,负责企业微信产品测试； 设计专项及系统测试方案，跟进项目测试过程，保证版本发布质量； 协助团队提升测试效率与质量。,http://careers.tencent.com/jobdesc.html?postId=1177474167214182400
WXG10-企业微信前端(高级）开发工程师-政务方向,WXG,广州,中国,技术,"负责企业微信政务版管理后台web开发及性能优化工作，公共组件开发及维护。
负责企业微信政务版mac/linux平台开发
探索基于electron的跨桌面端应用开发，解决体验性能技术难点。",http://careers.tencent.com/jobdesc.html?postId=1262572440110768128
WXG10-企业微信基础功能产品策划经理（会议/直播）（深圳）,WXG,深圳,中国,产品,"1）负责企业微信内会议、直播产品相关的策划工作，承担会议、直播等产品功能的探索、设计和功能方案落地；
2）能够深入了解并分析企业内外部对会议和直播的使用场景和诉求，能够抓住核心要点，并探索出和企业微信其他模块结合的亮点，输出整体的解决方案，。
3）对用户反馈和行为进行持续跟进和分析，通过数据分析和用户反馈，制定优化策略。",http://careers.tencent.com/jobdesc.html?postId=1236683413864321024
WXG10-企业微信基础功能产品策划经理（会议/直播）（广州）,WXG,广州,中国,产品,"1）负责企业微信内会议、直播产品相关的策划工作，承担会议、直播等产品功能的探索、设计和功能方案落地；
2）能够深入了解并分析企业内外部对会议和直播的使用场景和诉求，能够抓住核心要点，并探索出和企业微信其他模块结合的亮点，输出整体的解决方案，。
3）对用户反馈和行为进行持续跟进和分析，通过数据分析和用户反馈，制定优化策略。",http://careers.tencent.com/jobdesc.html?postId=1236683414527021056
WXG10-企业微信iOS客户端（高级）开发工程师-政务方向,WXG,广州,中国,技术,"从事企业微信—政务版的iOS客户端开发维护工作；
负责百万组织架构规模企业或政府单位私有化部署的客户端功能开发和性能优化;
探索多端融合的跨平台开发方向。",http://careers.tencent.com/jobdesc.html?postId=1239884192439865344
WXG10-企业微信PC端（高级）开发工程师-政务方向,WXG,广州,中国,技术,"从事企业微信—政务版的PC客户端开发工作；
负责百万组织架构规模企业或政府单位私有化部署的客户端功能开发和性能优化
探索多端融合的跨平台开发方向。",http://careers.tencent.com/jobdesc.html?postId=1239883723491512320
WXG10-企业微信（高级）后台开发-政务方向,WXG,广州,中国,技术,"负责企业微信大型政府单位及超大型央企方向的后台功能开发和性能优化。
探索大型政府单位跨行政区划互联互通及混合云技术方案。",http://careers.tencent.com/jobdesc.html?postId=1244625101329010688
WXG10-企业微信Android客户端（高级）开发工程师-政务方向,WXG,广州,中国,技术,"从事企业微信—政务版的Android客户端开发维护工作；
负责百万组织架构规模企业或政府单位私有化部署的客户端功能开发和性能优化；
探索多端融合的跨平台开发方向。",http://careers.tencent.com/jobdesc.html?postId=1252197157591584768
30625-腾讯广告游戏行业销售经理（深圳）,CDG,深圳,中国,销售、服务与支持,"负责腾讯社交广告（广点通等）游戏行业的存量客户维护及新客户拓展；
根据客户目标提供具有前瞻性的销售分析和建议，向客户提出明晰的投放建议；
与客户日常沟通，建立并维护从执行层面到高层的合作关系，解决客户实际问题；
与运营同事配合定期与客户review账户投放情况，提出下一步的计划；
新客户拓展及新商机把握；
了解游戏行业发展趋势及行业动态；
了解竞品市场广告产品情况及数据。",http://careers.tencent.com/jobdesc.html?postId=1280462614953992192
15575-《王者荣耀》研发效率优化工程师（成都）,IEG,成都,中国,技术,"设计和实现项目资产管理方案，通过版本脚本工具、流程、规范、开发模式等手段解决项目并行开发诉求；
搭建版本管理工具和需求、QA等项目管理工具的关联，搭建和改进版本的构建、测试、发布自动化能力；
分析理解项目开发中不同部门在版本管理及流程上的痛点，和项目一起寻找更高效的开发方法。",http://careers.tencent.com/jobdesc.html?postId=1285859054891048960
35566-行政组员工,CSIG,武汉,中国,,"1、负责办公场地的建设和装修跟进、办公资源协调分配和环境管理；
2、负责行政类服务供应商监督、履约考核工作组织与实施；
3、统筹管理公司各项行政福利类成本、物资采购等；
4、公司及员工各种行政需求及零星整改工程受理及评估；
5、公司福利项目和员工活动、氛围建设的策划和组织；
6、协助制定并实施管理规章制度及各项流程，并进行流程优化；
7、上级交待的其他工作。",http://careers.tencent.com/jobdesc.html?postId=1301735409423753216
CSIG17-Devops平台高级开发工程师,CSIG,深圳,中国,技术,"1、负责腾讯Devops平台架构设计和优化，推动团队后台基础设施和运维体系的建设
2、负责Devops平台工具研发和落地，包括CI、CD、自动化测试、静态代码分析、环境治理等
3、在云计算和智能类业务项目中，应用行业前沿的优秀的工程实践经验，提升研发和工程生产力和效率。",http://careers.tencent.com/jobdesc.html?postId=1242715586245431296
23671-内容开放平台iOS开发工程师,PCG,深圳,中国,技术,"负责企鹅号 App 的iOS端功能特性开发；
负责团队 Flutter 框架体系的研发和性能优化工作；
与产品、测试及其他团队协作，分析产品需求，制定技术方案、数据上报、问题跟进解决等；
新技术研究和引入；",http://careers.tencent.com/jobdesc.html?postId=1302139898135846912
25666-华南区域售前架构师（福建）,CSIG,长沙,中国,技术,"1.负责向政府行业（包括但不限于政务、公检法，智慧城市等方向）客户提供业务咨询、技术咨询、规划、设计等专业服务； 
2.负责项目售前阶段的需求分析、方案交流、方案设计、概念验证、招投标等工作； 
3.透彻分析行业态势，结合腾讯云技术与产品优势，制订行业拓展策略与打法； 
4.赋能生态合作伙伴，进行方案的培训和宣讲。",http://careers.tencent.com/jobdesc.html?postId=1291233188651212800
TEG09-RPC开发框架高级研发工程师,TEG,深圳,中国,技术,"参与高性能 C++ RPC框架的研发；
trpc的性能优化、功能迭代，如协议扩展、负载均衡策略、高可用策略扩展等；
trpc周边生态建设，如日志、Tracing、配置、可视化运营工具等；
解决trpc在公司的需求和问题；",http://careers.tencent.com/jobdesc.html?postId=1258648727975895040
TEG09-云数据库研发工程师,TEG,深圳,中国,技术,"支持腾讯内部和腾讯云上PB-Level数据的存储
负责腾讯云MongoDB的架构优化、新特性开发、运营和日常维护；
负责业界云数据库前沿技术的预研和应用",http://careers.tencent.com/jobdesc.html?postId=1258648728986722304
TEG10-上云资源管理项目经理,TEG,深圳,中国,产品,"负责公司级自研上云项目的资源运营管理及相关的项目支持；
负责自研上云需求管理、资源调度与资源服务，并且根据公司业务的发展优化云上资源交付效率和运营成本；
负责自研上云容量管理，包括云资源、机位、服务器、IP、带宽、专线等，根据需求预测，规划云上资源容量，并推动云上资源的成本优化；
负责自研上云相关项目管理和落地，协助云梯和K8S容器平台的合作。",http://careers.tencent.com/jobdesc.html?postId=1291337576212340736
CSIG07-腾讯加速器高级产品经理（深圳）,CSIG,深圳,中国,产品,"1.负责腾讯加速器产品能力建设和社区新方向探索等工作。
2.联动内外游戏项目和平台，拓展合作渠道，负责游戏分发合作同时兼顾渠道转化效率。
3.负责产品整体商业化模式建设与转化效果提升，创新新型玩法模式。
4.构建内容、推荐、用户增长团队，负责产品新增和流程。
5.负责产品CtoB模式的探索，联合厂商打造新型的游戏工具合作模式。",http://careers.tencent.com/jobdesc.html?postId=1280402916691156992
35933-安全合规业务经理（深圳）,S1,深圳,中国,法律与公共策略,"根据法律、法规、标准等合规要求，梳理各类业务风险，发现业务安全合规问题；
推动合规风险评估、治理及整改，建立安全合规机制，制定和落实安全合规措施；
研究安全法规、政策及标准发展趋势，保障公司业务安全健康发展。
",http://careers.tencent.com/jobdesc.html?postId=1218781073522036736
29315-组织发展经理,S3,深圳,中国,人力资源,"1、根据事业群组织发展的需要，对标杆企业做有针对性的组织研究，为未来的组织发展和优化提供有价值的参考或根据需要给出专业的建议；
2、负责推动设计和优化事业群内组织架构，参与及协助事业群组织有效性诊断并提供有效的解决方案，确保组织变革过程中各项沟通、协调与落地，跟进实施组织架构调整的各项工作；
3、负责BG干部管理体系建设与持续优化，参与设计领导力制度、流程、工具，与上下游紧密配合，推动干部任用与调配、选拔与培养、盘点与评估等各项工作有效实施，并通过定期输出干部数据分析，为管理决策提供专业支持；
4、负责BG职业发展体系的搭建，组织并推动职级评审和通道建设，对于专业人才结构和职位体系深度理解，推动职位能力模型和标准建设，通过专业分析精准地定位与发掘问题，有效推动BG职业发展体系持续优化。

",http://careers.tencent.com/jobdesc.html?postId=1239130863447314432
29315-职业发展经理,S3,深圳,中国,人力资源,"1、负责协助BG职业发展体系的搭建与完善，包括通道管理、职位能力模型和标准的建设、定期进行专业人才结构分析等；
2、负责持续优化职级评定的流程，组织并推动职级评定；
3、能够通过专业分析精准地定位与发掘问题，有效推动BG职业发展体系持续优化；
4、负责对职业发展体系的发展趋势、标杆实践进行持续研究，定期输出相应的研究报告。


",http://careers.tencent.com/jobdesc.html?postId=1291263398989799424
24012-游戏场景原画设计师（深圳）,IEG,深圳,中国,设计,"负责游戏中的场景美术设计，场景美术风格制定，优化场景细节；
负责与美术其他岗位、程序配合，完善游戏最终表现效果； 
负责对接管理CP，提供明确需求到对应CP并且把控好输出品质。",http://careers.tencent.com/jobdesc.html?postId=1236871689833287680
29777-金融云资管行业售前架构师（北上深）,CSIG,深圳,中国,产品,"作为金融云架构师，为资管行业客户和合作伙伴提供云服务业务及技术架构咨询服务，根据腾讯云的整体架构，结合行业发展趋势，制定面向资管行业有竞争力的云解决方案；
负责证券、基金、信托、保险资管、银行理财、私募等项目的需求分析、方案设计、云化规划设计、应用迁移和数据迁移等设计工作；
支持业务团队进行售前工作，全程跟踪完成项目招投标，并配合相关的售中/售后等相关业务工作。",http://careers.tencent.com/jobdesc.html?postId=1123176445212889088
25666-腾讯云泛金融行业销售（北京）,CSIG,北京,中国,销售、服务与支持,"负责腾讯云计算服务等相关产品在泛金融行业的销售和BD工作，包括泛金融行业客户的开发与维护及跟进，达成制定的销售指标；
定期拜访泛金融行业客户，积极引导客户和挖掘客户云需求，制定合理方案，负责方案提示、谈判，协调公司相关部门的资源，保证方案的有效实施；
维持与现有泛金融客户的良好业务关系，及时更新公司产品信息，传达企业及品牌文化；
建立泛金融客户档案，确保各项资料完整，准确，并做好动态管理。",http://careers.tencent.com/jobdesc.html?postId=1241661955026980864
25666-腾讯云华北区域销售（北京） ,CSIG,北京,中国,销售、服务与支持,"负责区域行业客户的商务拓展工作； 
负责大客户关系管理、合作伙伴关系管理，市场策略制定； 
整合公司及合作伙伴资源，为客户提供最佳互联网+公安行业解决方案； 
聚焦在公安行业领域，制定行业/区域打法，并跟进重点项目，以达成公司制定的任务目标和KPI考核目标。

",http://careers.tencent.com/jobdesc.html?postId=1244513131615490048
29777-金融云保险行业售前架构师（深圳/北京）,CSIG,深圳,中国,产品,"作为金融云保险行业售前架构师，负责保险行业客户上云项目售前拓展支持，并持续深耕保险行业，输出面向保险的行业解决方案；
日常工作包括解决方案宣讲、方案架构规划设计、重点大客户的售中支持以及客户满意度维护等。",http://careers.tencent.com/jobdesc.html?postId=1123177417494499328
29777-金融云泛金融业务架构师（深圳/北京/上海）— 金融科技业务,CSIG,深圳,中国,产品,"为泛金融行业客户提供产业金融、消费金融等行业类解决方案，调研分析金融行业、特别是消费金融、供应链金融、产业金融等行业发展趋势与行业需求；从行业视角切入，梳理腾讯及合作伙伴资源，根据腾讯云的实际情况，结合行业发展趋势，制定面向泛金融行业有竞争力的金融科技业务解决方案；
为关键客户提供金融科技业务方案咨询服务，配合技术架构师进行方案的落地工作； 
支持业务团队进行售前工作，并配合相关的售中/后等相关业务工作； 
对实施中和交付后的项目从业务角度进行跟进，确保实施项目的客户价值得到实现； 负责行业解决方案的更新维护，以及布道工作。 

",http://careers.tencent.com/jobdesc.html?postId=1174598354273832960
29777-金融云交付项目经理,CSIG,北京,中国,产品,"负责金融云服务项目的交付项目管理，保证项目按合同约定成功交付，对项目范围、进度、成本、交付质量、项目经营结果负责；
负责协调售前、售中、售后团队，善于和售前及客户沟通，交付范围包含IDC、专线、云平台、虚拟化、IT管理系统、网络实施、计算、存储、网络、安全、大数据服务等各类设备及服务；
负责整理反馈交付和客户沟通过程中的需求，对行业客户的交付和服务流程进行持续优化；并编写项目所涉及阶段报告及项目验收报告等文档；
定期组织售中研发和交付团队总结和梳理项目进展和问题，协调资源、推动项目顺利进行，对项目过程中的问题进行有效地跟踪和管理。",http://careers.tencent.com/jobdesc.html?postId=1226736523290873856
29777-金融科技产品团队负责人,CSIG,深圳,中国,产品,"负责腾讯云金融科技产品团队的管理，带领团队进行金融科技产品前瞻研究，规划、产品设计到发布，持续运营和优化：
1、负责腾讯金融云产品需求设计分析与场景分解，制定特性优先级及阶段目标；
2、协调组织内外部资源达成产品目标；
3、关注行业和市场动态，参与行业市场相关会议，扩大产品影响力；
4、为金融科技产品拓展金融客户。",http://careers.tencent.com/jobdesc.html?postId=1301771744863854592
26832-招聘信息化系统产品经理,S3,深圳,中国,人力资源,"作为公司招聘领域的IT建设产品经理，负责招聘领域相关流程、规则的持续优化以及IT产品的建设和运营，以提升公司的招聘效率和用户体验，同时防范风险。
核心工作内容包括：
1、分析招聘工作过程中遇到的挑战，采用合适的解决方案（信息化、流程改造、管理制度更新、运营活动等）进行应对；
2、对现有招聘系统进行深入研究，对关键用户进行调研，发掘用户的痛点和关键需求，设计产品逻辑并构建方案，并与人平部的 IT 建设团队合作，一起推动立项、开发、上线；
3、与业务 owner 一起推动相关 IT 产品的深度运营，包括目标用户分析、运营方案的制定实施、基于数据的运营效果监测并制定应对策略、常规日常运营等，保证IT 项目的真正落地，切实达到提升效率和体验的目的；
4、定期对招聘行业最新的业务动态、最佳实践、IT 信息化解决方案进行调研学习，保持对前沿技术进行嗅探，并分析其与招聘工作的结合点，在恰当的时机推动应用和转化；
5、组织安排的其他与流程优化、效率提升、体验优化相关的工作。",http://careers.tencent.com/jobdesc.html?postId=1131824890001756160
26832-招聘规划经理（深圳）,S3,深圳,中国,人力资源,"负责公司招聘甄选体系建设：包括流程优化、面试工具开发、面试官能力提升等工作； 对招聘质量进行定期分析和评估，发现甄选体系中的优化点； 支持部分业务部门的招聘工作，完成人才引进目标； 参与公司的中长期人力规划和年度人力计划方法论研究与项目实施，将人力规划与招聘计划进行有效的链接。
",http://careers.tencent.com/jobdesc.html?postId=1168417186054672384
TA-职业发展专家,S3,深圳,中国,人力资源,"1、	负责对公司的职业发展体系进行诊断，推动形成公司职业发展体系的哲学与理念，从全流程HR的高度不断优化完善公司职业发展体系；
2、	负责对职业发展体系的发展趋势、标杆实践进行持续研究，定期输出相应的研究报告；
3、	对公司业务发展需要的专业人才结构进行深入研究，并指导推动人才结构不断优化；",http://careers.tencent.com/jobdesc.html?postId=1197762076647362560
26832-海外校园招聘经理（深圳）,S3,深圳,中国,人力资源,"1.	参与腾讯海外校招的策略制定与推行，保障海外校园精兵的开源、甄选和吸引；
2.	负责海外校园招聘在垂直领域的项目设计和落地执行，承担项目经理职责；
3.	负责部分海外校招的关系搭建与维护，开展校企合作，探索更多腾讯在海外本地化高校学生招聘和全球化运营的模式；
4.	负责腾讯在海外地区的校园招聘交付和各类线下活动，以达成海外校招目标和校园雇主品牌建设；
5.	运用数据化校招思维，对校招过程和结果所呈现的数据作深入全面的分析，为不断优化校招策略提供依据。
Participate in the planning and execution of Tencent global campus recruitment projects that attract, select and onboard global talents. 
Design and implement global campus recruitment projects in specific fields as a project manager.
Take charge of the construction and maintenance of the relationship among global schools, carry out school-enterprise cooperation, and explore the localized operation patterns for Tencent in global campus recruitment .
Host Tencent's campus recruitment and various offline events globally to achieve global recruitment goals and enhance employer brand. 
Use data-driven campus recruitment strategy to make a thorough and comprehensive analysis of the data presented in the recruitment，to provide the evidence for how to optimize the recruitment strategy.
",http://careers.tencent.com/jobdesc.html?postId=1214052095578083328
TA-培训经理,S3,深圳,中国,人力资源,"1. 负责设计、实施与优化腾讯管理者能力发展体系建设以及人才发展项目；
2. 基于不同的业务特点，管理者能力现状与发展需求，提供领导力发展咨询；
3. 设计贴近业务的领导力培养与发展项目
 ",http://careers.tencent.com/jobdesc.html?postId=1301727719599382528
30933-AOV 资深特效设计师(深圳),IEG,深圳,中国,设计,"负责游戏中特效的设计和制作,包括角色特效、UI特效、场景特效等；
负责外包资源的审核修改及外包团队的培养，有能力把控整体游戏特效节奏和风格。",http://careers.tencent.com/jobdesc.html?postId=1230067117169053696
26832-Global Recruiter,S3,深圳,中国,人力资源,"基于公司整体的海外战略规划，提供与人才相关的海外政策分析，为业务侧和招聘侧提供前瞻性的海外招聘参考；
参与公司海外招聘体系建设和运营，负责具体对接的国家/地区的招聘体系建设以及长期运营支持；
负责对接支持的海外国家/地区的招聘交付产出，参与腾讯海外人才活动政策与实施，以社招为主；
参与部分腾讯海外雇主品牌内容运营工作。

Conduct talent market analysis based on the corporate-level globalization plan and offer forward-looking references to hiring managers and recruitment teams.
Participate in recruitment system construction and support the operational work of specific country/region.
Execute hires of countries/regions globally and participate in the design and execution of global talent trips that are focused on experienced hiring.
Participate in content operation of Tencent global employer brand.
",http://careers.tencent.com/jobdesc.html?postId=1234856818568597504
13654-高级公共事务经理,S1,北京,中国,法律与公共策略,"负责维护、巩固和加强公司与公共管理部门的合作；
推进公司相关业务的发展；
结合公司业务诉求，推进与公共管理部门的业务对接。
",http://careers.tencent.com/jobdesc.html?postId=1258676189099204608
29777-泛工业云后台开发工程师(腾讯云全资子公司）,CSIG,西安,中国,技术,扎根行业领域，负责对工业研发需求进行技术分解，进行整体架构方案的设计； 负责云SaaS服务层、私有化边缘计算应用开发等工作； 负责SaaS服务层标准、规范和接口定义，对接不同的云管平台和行业生态应用，细化技术方案，推进泛工业互联网产品版本的落地。,http://careers.tencent.com/jobdesc.html?postId=0
41074-web前端开发工程师 （腾讯云长沙全资子公司）,CSIG,长沙,中国,技术,"1. 负责腾讯云域名产品（DNSPod）的系统架构设计和研发
2. 负责域名管理相关功能的实现，包括域名注册，解析和证书等相关开发
3. 负责跨端开发，node接入层以及Discuz！系列产品的开发",http://careers.tencent.com/jobdesc.html?postId=0
41074-高级web前端开发工程师,CSIG,深圳,中国,技术,"1. 负责腾讯云域名产品（DNSPod）的系统架构设计和研发
2. 负责域名管理相关功能的实现，包括域名注册，解析和证书等相关开发
3. 负责跨端开发，node接入层以及Discuz！系列产品的开发",http://careers.tencent.com/jobdesc.html?postId=0
41069-金融企业支付产品经理,CSIG,深圳,中国,产品,"1、负责金融支付类产品的策划，面向行业输出专业的支付产品及解决方案；
2、负责跟踪重点客户从需求策划、设计研发、到上线运行的整体项目流程；
3、负责拉通外部合作资源，通过引入行业领先的产品或方案，提高产品竞争力；
4、负责协同内部团队间的合作，利用内部资源、生态资源完善支付行业产品能力；
5、有效规划产品商业化路径，考量产品的成本模型，制定可持续发展的商业模式；
6、根据售前团队反馈的需求，迭代产品设计思路，策划出具备行业影响力的产品。",http://careers.tencent.com/jobdesc.html?postId=0
41069-腾讯云高级行业运营经理(北京/深圳）,CSIG,深圳,中国,产品,"1、负责银行、保险、资管与泛金融等行业机会的研究分析，形成打法与策略，并与内部其他团队一起推动策略落地，实现预期的KPI目标；
2、负责竞品研究与分析，包括但不限于竞争对手打法与策略，竞争对手产品情况以及关键成功因素分析；
3、参与策划和组织市场活动，编写市场白皮书和各类材料，宣传腾讯云的深刻洞察和专业观点。
",http://careers.tencent.com/jobdesc.html?postId=0
32269-电视剧整合营销经理-一组,PCG,北京,中国,营销与公关,"独立负责腾讯视频电视剧整合营销市场推广；
需要5年以上市场推广整合营销经验，有过大型项目推广经验；
抗压性好、工作积极主动、沟通能力好、open-minded、愿意学习接受新项事务；",http://careers.tencent.com/jobdesc.html?postId=0
32269-腾讯视频自制剧制片人-天然工作室,PCG,北京,中国,产品,"负责评估影视项目前期策划的整体方向并制定可行性分析及项目周期等；
负责沟通并把控项目合作方、版权供应商等，并根据项目协调各部门工作；
监管已进行项目的质量及进度，负责项目的整体生产制作，包括剧本策划、剧组筹备、中期拍摄、后期制作等，保证顺利完成影片；
全流程跟进项目进度，随时协调解决项目进展中的问题；
与客户沟通，协调相关工作。",http://careers.tencent.com/jobdesc.html?postId=0
32269-腾讯视频自制剧工作室负责人,PCG,北京,中国,产品,"负责评估影视项目前期策划的整体方向并制定可行性分析及项目周期等；
负责沟通并把控项目合作方、版权供应商等，并根据项目协调各部门工作；
监管已进行项目的质量及进度，负责项目的整体生产制作，包括剧本策划、剧组筹备、中期拍摄、后期制作等，保证顺利完成影片；
全流程跟进项目进度，随时协调解决项目进展中的问题；
与客户沟通，协调相关工作。",http://careers.tencent.com/jobdesc.html?postId=0
32269-电影文学策划,PCG,北京,中国,产品,"负责剧本审读，提出审读意见，跟进剧本修改，直至达到拍摄剧本要求； 
负责电影及网络电影项目的选题、前期策划、剧本统筹创作；
负责电影送审项目的内容评估； 
发掘优秀的电影作品，拓展相关的电影项目合作资源； 
对电影市场的分析、调研，制定出有效的项目可行性方案、规划、发展方向，并有独到的眼光和见解； 
编剧、作家资源的联系与维护。",http://careers.tencent.com/jobdesc.html?postId=0
18434-媒体投放经理（深圳）,CDG,深圳,中国,营销与公关,"1、	负责相关品牌媒介传播策划工作，包括基于业务需求及品牌全年推广计划制定媒介传播策略、媒介整合推广方案及广告投放方案；
2、	通过对目标用户及市场环境分析，结合公司年度产品策略，制定媒介组合计划，并完成执行，负责媒介费用的使用情况
3、	熟悉内容营销，粉丝营销，泛娱乐IP营销等资源，能够对综艺项目评估，预判热门影视剧目，落实品牌露出权益，同时输出内容，户外，网络媒体年度媒介组合及形式优化建议
4、	拓展媒体渠道的创意应用或合作模式创新，及对内容的有效分发；
5、	各类型媒体渠道研究及各业务类型媒介推广方法论的提炼；
6、	协助媒体投放平台的搭建和维护，负责媒介投放和内容分发渠道的运营，通过数字化营销，持续提升效率，优化效果。
",http://careers.tencent.com/jobdesc.html?postId=1331458460264439808
TEG09-云数据库高级研发工程师,TEG,北京,中国,技术," 负责业界云数据库前沿技术的预研和应用；
 负责研发云数据库相关模块以及周边业务模块；
 负责云数据库的维护和运营工作。",http://careers.tencent.com/jobdesc.html?postId=1279965123879903232
TEG09-云数据库高级研发工程师,TEG,深圳,中国,技术," 负责业界云数据库前沿技术的预研和应用；
 负责研发云数据库相关模块以及周边业务模块；
 负责云数据库的维护和运营工作。",http://careers.tencent.com/jobdesc.html?postId=1279965121061330944
CB-薪酬福利经理（深圳）,S3,深圳,中国,人力资源,"1、根据腾讯集团的薪酬福利政策，对定向支持的事业群，辅助进行定向薪酬市场调研，年度薪酬调整，长期激励授予、年度绩效奖金等项目的开展和落地；
2、针对所支持的事业群，在整体集团政策的框架下，参与定制符合细分领域特色的激励方案，并完善和优化流程，落地执行；
3、帮助所支持的事业群的专业顾问和HR管理者进行业务群内部的薪酬福利数据整合分析，以帮助专业判断。",http://careers.tencent.com/jobdesc.html?postId=0
15569-QQ飞车手游客户端高级开发工程师（深圳）,IEG,深圳,中国,技术,"负责游戏产品玩法需求的技术可行性评估, 技术方案的设计和实现；
协助引擎研发工程师建立高效的游戏内容制作管线，保障运行性能，完善并持续优化相关工具链；
与策划/美术/服务端程序紧密合作, 完善游戏产品, 打磨用户体验。",http://careers.tencent.com/jobdesc.html?postId=1123178083830992896
15569-QQ飞车手游高级游戏技术美术,IEG,深圳,中国,设计,"工具管理-检测监控工具：编写性能检测工具，并实时监控反馈问题和给出性能规范，帮助项目预控性能风险；
编辑器-编写和调优：根据项目需求，架构各种编辑器，实时的和美术策划对齐需求和目标，跟引擎组开发一起调优性能及效果，帮助解决制作流程中工具效果等各种问题，将规范工具调优推广到项目使用；
实时渲染解决方案：根据美术表现需求实现各种shader，后处理渲染等；
实时的跟进行业动态，把新的技术研究和引进到项目组来，帮助提升渲染品质。",http://careers.tencent.com/jobdesc.html?postId=1204980588285530112
15569-QQ飞车手游后台开发工程师（深圳）,IEG,深圳,中国,技术,"负责大中型竞速类游戏服务器端开发和设计工作； 
负责服务器端架构优化与设计； 
负责服务器业务功能设计、开发测试和持续交付； 
负责外网持续运营和跟进优化工作。",http://careers.tencent.com/jobdesc.html?postId=1263667417301655552
15569-UE4开放世界大作引擎研发工程师(底层框架与基础设施方向),IEG,深圳,中国,技术,"负责底层技术框架及基础设施的搭建工作；
负责网络同步/资源管理/脚本与VM/代码补丁/多语言/通用程序框架等技术方案的选型与研发；
帮助其他方向的引擎程序员充分高效的使用CPU/RAM等硬件资源；
帮助Gameplay程序员、美术、策划规范有效地使用引擎相关功能；
跟进业界技术发展，预研前沿方案，争取在项目落地并产生实际价值。",http://careers.tencent.com/jobdesc.html?postId=1269840949320622080
15569-UE4开放世界大作引擎研发工程师(动画技术方向),IEG,深圳,中国,技术,"负责角色动画等动画技术方案的设计和实现；
和技术美术/动画师紧密合作，制作高质量动画表现并兼顾玩法手感体验，分析并解决相关性能问题；
帮助Gameplay程序员、美术、策划规范有效地使用引擎相关功能; 
跟进业界技术发展，预研前沿方案，争取在项目落地并产生实际价值。",http://careers.tencent.com/jobdesc.html?postId=1269840948511121408
15569-QQ飞车手游高级3D特效设计师（深圳）,IEG,深圳,中国,设计,"负责制作游戏内相关特效表现包括不限于UI/套装/技能等；
配合开发输出并整合相关资源，联调效果直到上线；
根据设定图设计并完善制作所有玩法表现相关特效；
制定制作规范跟进外包反馈；
输出shader表现给开发实现相应效果；",http://careers.tencent.com/jobdesc.html?postId=1249872317392097280
30625-腾讯广告游戏行业产品运营经理（深圳）,CDG,深圳,中国,产品,"负责游戏行业广告主产品运营，深入了解行业发展趋势，洞察客户商业目标和需求；
建设行业产品解决方案，达成客户商业诉求和目标；
独立撰写商业数据分析报告，对行业产品方向、效果改进、运营决策等深层次问题进行挖掘并推进； 
撰写MRD，推进产品技术需求的落实及上线；
总结头部客户赋能案例经验，总结行业打法，快速推进行业复制。

",http://careers.tencent.com/jobdesc.html?postId=1278893947963318272
30625-腾讯广告网服行业客户运营经理（深圳or北京）,CDG,北京,中国,产品,"负责网服行业KA广告主客户运营，深入了解行业发展趋势，洞察客户商业目标和需求；
建设行业产品解决方案，达成客户商业诉求和目标；
独立撰写商业数据分析报告，对行业产品方向、效果改进、运营决策等深层次问题进行挖掘并推进； 
撰写MRD，推进产品技术需求的落实及上线；
总结头部客户赋能案例经验，总结行业打法，快速推进行业复制。",http://careers.tencent.com/jobdesc.html?postId=1278893952027598848
40006-腾讯金融业务安全经理（深圳or北京）,CDG,深圳,中国,法律与公共策略,"负责开展集团金融业务的风险分析，能及时发现风险问题并制定、落实相应解决方案； 
对侵害集团金融业务的各类网络黑灰产开展体系化研究及系统性治理，建立公司金融安全保护体系，帮助产品营造健康的金融生态环境；
对金融行业及金融安全开展深入研究，提升金融安全能力在行业的影响力。",http://careers.tencent.com/jobdesc.html?postId=1300369899486453760
29316-腾讯云HRBP,S3,深圳,中国,人力资源,"负责腾讯云相关部门的HR政策、制度、体系与重点项目的落地与推动执行；
深入了解所负责领域业务与人员发展状况，评估并明确组织与人才发展对HR的需求；
驱动平台资源提供HR解决方案，并整合内部资源推动执行；
提升管理干部的人力资源管理能力，关注关键人才融入与培养，确保持续的沟通与反馈；
协助管理层进行人才管理、团队发展、组织氛围建设等，确保公司文化在所属业务领域的落地。",http://careers.tencent.com/jobdesc.html?postId=1254407330800345088
6486-秘书（深圳）,IEG,深圳,中国,行政支持,"支持上级工作，包括日程管理、差旅安排、会议组织和客户接待，协助上级做好部门管理及团队融合； 
担任部门内各项行政人事工作接口人，包括人事、采购、考勤、资产、费用、合同管理等，统筹管理相关事务，优化工作流程等； 
及时传达公司下发的相关规定，并协助执行； 
协助制定部门管理体系并实施部门的管理规章制度及各项流程； 
组织活动和文化落地，活跃部门组织氛围。",http://careers.tencent.com/jobdesc.html?postId=1296364766427619328
25924-运营开发高级工程师（上海）,IEG,上海,中国,技术,"负责游戏在线营销活动、营销系统的开发、维护；
 负责游戏运营系统及组件的技术攻坚和维护优化。",http://careers.tencent.com/jobdesc.html?postId=1301005505468047360
38744-互娱海外业务流程经理（深圳）,IEG,深圳,中国,技术,"承接互娱海外业务策略，协助海外业务完成流程管理体系的建设与优化，提升海外业务运作效率；
深入各海外发行项目，及时发现并跟踪解决业务问题，提出相应管理建议；
负责推进流程与管理策略落地，持续优化关键环节，为决策层和管理层提供决策支持和管理支撑。",http://careers.tencent.com/jobdesc.html?postId=1301784519099031552
25664-智慧社区解决方案架构师（成都/上海）,CSIG,成都,中国,产品,"1.负责对智慧社区/园区、产城融合、智慧城市等综合项目进行顶层规划，并支持行业售前架构做好行业解决方案；
2.负责行业竞品策略研究，应对措施等，推进项目实施以及行业解决方案输出；
3.推动行业主管部委策略及标准的制定，推动架构和产品优化；
4.了解行业技术发展变革方向，进行战略规划，并能针对云服务特点在行业解决方案上有前瞻性布局；
",http://careers.tencent.com/jobdesc.html?postId=0
25664-政务云技术顾问/经理（深圳/北京）,CSIG,深圳,中国,产品,"负责腾讯云政务行业相关项目的开发技术指导和咨询
协助开发团队解决项目中的疑难杂症，降低技术风险
协助项目团队保障研发过程质量、服务运营的稳定性",http://careers.tencent.com/jobdesc.html?postId=0
32032-写实类角色原画设计师,IEG,上海,中国,设计,"负责游戏内角色，NPC等原画造型、动态立绘等设计;
负责美术插画设计，精修;
负责外包资源的审核修改，统一风格，提高制作品质。
",http://careers.tencent.com/jobdesc.html?postId=0
32032-写实类场景原画设计师,IEG,上海,中国,设计,"负责游戏场景概念气氛图绘制; 
负责游戏内自然景观，建筑，道具等设计;
负责外包资源的审核和修改，提升把控外包品质。
",http://careers.tencent.com/jobdesc.html?postId=0
CDG-腾讯广告区域地方站负责人（西安）,CDG,西安,中国,销售、服务与支持,"1、负责腾讯广告在所在区域的LKA直客销售目标达成；
2、负责带领团队开展区域整合营销工作，并在满足业务需求的同时实现客户和业务的双赢；
3、负责本地政企合作和合资方的商务合作；
4、负责所在地方站的团队建设和管理。",http://careers.tencent.com/jobdesc.html?postId=1301861802849607680
15573-全球化SLG海外活动策划（上海）,IEG,上海,中国,产品,"根据游戏不同阶段的运营目标，版本节奏等，设计游戏全年的运营活动规划及重大节点，推动实现；
根据不同用户行为和需求来设计对应运营活动策划案，跟进资源推动实现，跟进测试并上线验收，分析效果数据、跟进用户反馈，持续优化；
优化可以提升活动效果、效率等的运营工具/平台等，负责活动类新功能模块和产品需求，跟进开发、测试并验收；
其他游戏外活动的接口人，包括并不限于线下活动、市场品牌活动、社群活动等。
",http://careers.tencent.com/jobdesc.html?postId=1301489566997291008
TB-Tencent M&A - Associate Director/Director (Beijing/Hong Kong),CDG,北京,中国,战略与投资,"Leading deal origination and execution including sourcing, valuation, and negotiation of investment projects across major sectors in Japan and/or Asia; 
Clearly present investment opportunities to leadership teams by identifying and discussing key drivers of value, and conducting necessary research to verify investment hypotheses;
Leading research into potential new areas of investment, and formulating new strategies for investment areas, including market sizing, surveys, interviews, and extensive data analysis;
Partner with deal teams, internal leaders and Business Groups to formulate investment strategies and post-deal management strategies; including working with cross functional teams to manage deal processes, finance monitoring, business analysis, business cooperation, valuation adjustments, supporting Board meetings, and handling related documentation; 
Experience working with and coordinating external advisors including investment banks, financial advisors, commercial due diligence, consultants, and other professional service providers;
Maintain a strong network of quality relationship across wide ecosystem of founders, investors, colleagues and other stakeholders;
Comfortable handling a large volume of work, with a positive attitude, in a matrixed organization;
Native spoken and written Japanese language ability, in addition to near-native fluency in English and/or Mandarin Chinese.",http://careers.tencent.com/jobdesc.html?postId=1290927972840120320
27216-金融科技企业金融产品总监（深圳）,CDG,深圳,中国,产品,"1、负责企业金融产品规划和架构设计，以及团队的日常管理；
2、带领团队根据行业趋势、结合公司内部资源，深入挖掘客户的潜在需求，形成具有创新性的行业解决方案和产品；
3、分析客户痛点和同行业竞品解决方案及产品，推动产品及解决方案的持续更新和优化。",http://careers.tencent.com/jobdesc.html?postId=1301036430507646976
21882-搜索算法工程师,CSIG,深圳,中国,技术,"1. 页面内容理解，包括信息抽取、分类、主题分析、词权重计算、关键词提取等；
2. 基础相关性和语义分析等自然语言处理相关工作；
3. 排序算法的研发和优化，包括LTR、点击模型等。",http://careers.tencent.com/jobdesc.html?postId=1210444475797606400
21882-产品策划leader,CSIG,深圳,中国,产品,"腾讯医疗在互联网领域不断创新发展，涉及的领域包括医疗健康资讯内容，医疗服务等等。包括但不限于腾讯医典及腾讯健康等脍炙人口的拳头产品。诚心邀请产品策划leader加入我们一起为医疗健康用户提供优质的产品体验并在医疗用户画像、医疗搜索、内容服务推荐、腾讯健康端产品体验等领域带领产品团队持续拓展。
1.负责腾讯医疗健康产品roadmap以及增长策略制定，了解内容生态打法；
2.负责腾讯医疗内机器学习相关产品的策略制定、医疗搜索产品里程碑的达成;
3.提升用户黏性，促进内容、服务类产品指标增长; 结合不同场景及用户特点，探索创新性的搜索体验、产品互动玩法;
4.跟进项目研发、运营、商务合作等环节；协同内外资源持续运营，达成业务目标；
5.持续提升产品团队能力，建设团队凝聚力。",http://careers.tencent.com/jobdesc.html?postId=1268807590578495488
21882-增长产品经理,CSIG,深圳,中国,产品,"1、搭建用户增长中台，建立工业化系统增长体系
2、数据驱动和结果导向，设计快速高效的增长实验，通过快速迭代不断优化用户转化漏斗
3、把控用户转化的各关键节点，对新用户转化、留存、老用户活跃、流失用户召回等各环节持续优化
4、通过Growth Hacking手段，提升自然新增长
5、跨部门合作，与腾讯内外各产品建立良好的渠道合作关系，设计创新的产品结合方案
",http://careers.tencent.com/jobdesc.html?postId=1270551030647496704
21882-内容中台产品经理,CSIG,深圳,中国,产品,"腾讯医疗在互联网领域不断创新发展，涉及的领域包括医疗健康资讯内容，医疗服务等等。包括但不限于腾讯医典和腾讯健康等脍炙人口的拳头产品。诚心邀请内容开放平台产品策划加入我们一起为腾讯医疗内容产品构建内容开放平台。
1、负责医疗线内容中台的规划、需求调研分析、产品功能设计、策略制定、接口对接，及体验优化工作， 对内容中台的易用性和使用效率最终负责；
2、关注医疗行业动态及趋势，积极探索其中的结合点和可创新性； 
3、撰写高质量的需求文档，确保研发部门准确理解； 
4、协调各业务线资源，把握项目目标和周期，与研发、跨部门合作人员沟通，保证项目的顺利进行；
5、对产品进行数据监控和分析，及时、准确地提出相应的产品规划和产品策略调整。",http://careers.tencent.com/jobdesc.html?postId=1281940618020397056
21882-医疗内容中台产品leader,CSIG,深圳,中国,产品,"腾讯医疗在互联网领域不断创新发展，涉及的领域包括医疗健康资讯内容，医疗服务等等。包括但不限于腾讯医典及腾讯健康等脍炙人口的拳头产品。诚心邀请内容开放平台产品leader加入我们一起为腾讯医疗内容产品构建内容开放平台。
1.负责医疗线内容中台规划，包括平台产品策划、产品运营、商业化的长期策略制定；
2.负责医疗线内容中台的规划、需求调研分析、产品功能设计、策略制定、接口对接，及体验优化工作，对内容中台的易用性和使用效率最终负责；
3.负责医疗线内容中台的内容引入方案、以及内容生产方式、审核方式的优化方案制定，整合内外部资源对内容传播效率、用户转化率的提升负责； 
4.负责内容中台团队建设，人才吸引，人才培养；
5.关注医疗行业动态及趋势，积极探索其中的结合点和可创新性； 
6.洞察用户内容需求、内容消费场景、内容渠道，具备对内容趋势的敏感度和判别能力，熟悉内容行业的业务逻辑和商业逻辑；
7.撰写高质量的需求文档，确保研发部门准确理解； 
8.协调各业务线资源，把握项目目标和周期，与研发、跨部门合作人员沟通，保证项目的顺利进行；
9.对产品进行数据监控和分析，及时、准确地提出相应的产品规划和产品策略调整。",http://careers.tencent.com/jobdesc.html?postId=1291686976574988288
S2-信控经理,S2,深圳,中国,财务,"1. 协助设计制定符合公司经营方针信用管理政策、流程和系统；
2. 客户应收数据入账，出具应收账款管理报表、提供分析报告，给予风险预警提示；协助建立应收账款管理工作的相关规则及制度；
3. 审核、调查、输入客户信息资料入系统，输出客户评估结果，并管理客户信用信息;
4. 负责推动和搭建和完善公司的客户授信风控体系制定客户赊销风险管理流程和制度，建立动态监控客户风险的规则和标准； 
5. 根据业务特性推动客户信用评价体系落地实施，为公司的客户授信基线（账期、额度）提供决策依据；",http://careers.tencent.com/jobdesc.html?postId=1243880392709115904
35594-增长产品运营,PCG,深圳,中国,产品,"1. 负责QQ浏览器的用户增长工作，基于业务场景深入了解用户需求，挖掘触达及转化场景；
2. 以业务渗透及基于用户全生命周期活跃目标，针对性地提高分场景、分人群的用户转化链路，提高新用户留存及质量。 
3、对于各种增长运营活动有产品模式沉淀提炼能力 同时跟进项目上线全部流程并能在上线后对数据效果进行监测和详细的分析，不断优化。",http://careers.tencent.com/jobdesc.html?postId=1301718628558708736
WXG08-微信搜一搜产品经理（广州）,WXG,广州,中国,产品,"参与或主导微信搜一搜的搜索体验优化、用户满意度提升和B端生态建设；
参与制订衡量搜一搜的用户体验、生态建设、业务价值的定性目标与定量指标体系，推动搜一搜业务用户体验和商业价值的长期持续提升；
深入研究微信广泛用户的搜索需求与相关场景，以及微信生态内外的移动互联网行业诉求和发展规律，探索通过搜索连接用户和线上线下的信息与服务的新方式。
",http://careers.tencent.com/jobdesc.html?postId=1280042006533382144
WXG08-微信搜索增长分析产品经理（广州）,WXG,广州,中国,产品,"理解产品业务模型、设计开发核心指标体系，及时监控发现业务发展中遇到的各种问题；
分析业务数据找到潜在的增长路径， 提出业务的优化策略，并通过实验等量化评估方式，进行策略的有效性确认； 
评估各种策略的实证效果及因果关系分析，支持产品运营决策，驱动产品体验优化及业务快速增长；
通过思考&实践，逐步沉淀业务增长分析的方法论。",http://careers.tencent.com/jobdesc.html?postId=1290912288152231936
25925-NLP算法工程师（深圳）,IEG,深圳,中国,技术,"负责文本分析中的文本分类、情感分析、话题分析、话题摘要、观点识别、语义理解等NLP业务场景； 
负责系统知识图谱构建的工作，从半结构化或无结构数据上构建知识图谱；
负责NLP领域前沿算法及框架追踪，探索基于深度学习和大数据的NLP应用；
组织团队人员的培训、技术指导以及技术难点突破工作。",http://careers.tencent.com/jobdesc.html?postId=1123177179677462528
